EXIO3,year,Country Area,Land Use,Pourcentage
AT,1961,83879.00,68318.96,81.45
AU,1961,7741220.00,5879161.00,75.95
BE,1961,30189.05,21536.72,71.34
BG,1961,110990.00,91799.54,82.71
BR,1961,8515770.00,7631677.00,89.62
CA,1961,15640500.00,4084603.00,26.12
CH,1961,41290.00,28387.61,68.75
CN,1961,9600000.00,6483442.69,67.54
CY,1961,9250.00,4905.16,53.03
DE,1961,356970.00,294543.51,82.51
DK,1961,42920.00,35896.29,83.64
ES,1961,505990.00,473847.30,93.65
FI,1961,338150.00,246067.59,72.77
FR,1961,549086.00,474656.45,86.44
GB,1961,243610.00,221503.62,90.93
GR,1961,131960.00,126138.77,95.59
HU,1961,93030.00,84820.54,91.18
ID,1961,1910930.00,1453301.00,76.05
IE,1961,70280.00,51871.58,73.81
IN,1961,3287260.00,2463526.00,74.94
IT,1961,301340.00,261455.20,86.76
JP,1961,377800.00,303430.87,80.32
KR,1961,99260.00,82664.98,83.28
LU,1961,2590.00,2104.95,81.27
MT,1961,320.00,181.96,56.86
MX,1961,1964380.00,1705835.00,86.84
NL,1961,41530.00,25655.75,61.78
NO,1961,385178.00,131538.64,34.15
PL,1961,312690.00,295249.67,94.42
PT,1961,92120.00,72992.58,79.24
RO,1961,238390.00,209361.62,87.82
SE,1961,447420.11,312757.26,69.90
TR,1961,785350.00,591440.44,75.31
TW,1961,35960.00,8840.00,24.58
US,1961,9629090.00,7412885.00,76.98
WA,1961,7437452.26,5421751.00,72.90
WE,1961,134418.47,42141.67,31.35
WF,1961,24370125.00,14181520.00,58.19
WL,1961,10412724.00,7521088.00,72.23
WM,1961,6613347.90,2102046.00,31.78
ZA,1961,1219090.00,1173681.00,96.28
AT,1962,83879.00,68256.96,81.38
AU,1962,7741220.00,5892656.00,76.12
BE,1962,30197.53,21514.07,71.24
BG,1962,110990.00,91838.84,82.75
BR,1962,8515770.00,7631832.00,89.62
CA,1962,15640500.00,4085616.00,26.12
CH,1962,41290.00,28376.17,68.72
CN,1962,9600000.00,6488805.16,67.59
CY,1962,9250.00,4889.27,52.86
DE,1962,356970.00,294612.84,82.53
DK,1962,42920.00,35756.11,83.31
ES,1962,505990.00,473855.49,93.65
FI,1962,338150.00,246072.56,72.77
FR,1962,549086.00,474179.47,86.36
GB,1962,243610.00,221344.67,90.86
GR,1962,131960.00,126058.77,95.53
HU,1962,93030.00,84355.80,90.68
ID,1962,1910930.00,1453347.00,76.05
IE,1962,70280.00,52293.61,74.41
IN,1962,3287260.00,2470174.00,75.14
IT,1962,301340.00,261267.46,86.70
JP,1962,377800.00,303437.17,80.32
KR,1962,99260.00,82647.98,83.26
LU,1962,2590.00,2105.99,81.31
MT,1962,320.00,172.12,53.79
MX,1962,1964380.00,1706749.00,86.88
NL,1962,41530.00,25578.93,61.59
NO,1962,385178.00,131529.70,34.15
PL,1962,312690.00,294649.68,94.23
PT,1962,92120.00,73006.79,79.25
RO,1962,238390.00,209701.91,87.97
SE,1962,447420.11,312728.29,69.90
TR,1962,785350.00,591879.02,75.36
TW,1962,35960.00,8870.00,24.67
US,1962,9629090.00,7401626.00,76.87
WA,1962,7437567.41,5427045.00,72.97
WE,1962,134418.47,42141.68,31.35
WF,1962,24370125.00,14180670.00,58.19
WL,1962,10412724.00,7507962.00,72.10
WM,1962,6613347.90,2101776.00,31.78
ZA,1962,1219090.00,1165771.00,95.63
AT,1963,83879.00,68154.26,81.25
AU,1963,7741220.00,5910517.00,76.35
BE,1963,30206.00,21491.42,71.15
BG,1963,110990.00,91865.14,82.77
BR,1963,8515770.00,7632046.00,89.62
CA,1963,15640500.00,4086632.00,26.13
CH,1963,41290.00,28320.58,68.59
CN,1963,9600000.00,6494525.36,67.65
CY,1963,9250.00,4913.16,53.12
DE,1963,356970.00,294647.56,82.54
DK,1963,42920.00,35368.82,82.41
ES,1963,505990.00,473468.39,93.57
FI,1963,338150.00,246078.13,72.77
FR,1963,549086.00,473766.93,86.28
GB,1963,243610.00,221102.70,90.76
GR,1963,131960.00,127248.77,96.43
HU,1963,93030.00,84181.83,90.49
ID,1963,1910930.00,1453401.00,76.06
IE,1963,70280.00,52318.08,74.44
IN,1963,3287260.00,2468740.00,75.10
IT,1963,301340.00,260411.51,86.42
JP,1963,377800.00,303375.08,80.30
KR,1963,99260.00,82657.99,83.27
LU,1963,2590.00,2107.03,81.35
MT,1963,320.00,162.29,50.72
MX,1963,1964380.00,1707350.00,86.92
NL,1963,41530.00,25495.92,61.39
NO,1963,385178.00,131520.74,34.15
PL,1963,312690.00,293869.67,93.98
PT,1963,92120.00,73021.06,79.27
RO,1963,238390.00,209844.07,88.03
SE,1963,447420.11,312646.57,69.88
TR,1963,785350.00,594356.76,75.68
TW,1963,35960.00,8900.01,24.75
US,1963,9629090.00,7393588.00,76.78
WA,1963,7437682.56,5432150.00,73.04
WE,1963,134418.47,42145.75,31.35
WF,1963,24370125.00,14181760.00,58.19
WL,1963,10412724.00,7489941.00,71.93
WM,1963,6613347.90,2102514.00,31.79
ZA,1963,1219090.00,1158373.00,95.02
AT,1964,83879.00,68121.64,81.21
AU,1964,7741220.00,5926910.00,76.56
BE,1964,30214.47,21468.76,71.05
BG,1964,110990.00,92129.14,83.01
BR,1964,8515770.00,7632321.00,89.63
CA,1964,15640500.00,4087651.00,26.14
CH,1964,41290.00,28286.48,68.51
CN,1964,9600000.00,6500409.14,67.71
CY,1964,9250.00,4897.26,52.94
DE,1964,356970.00,294864.27,82.60
DK,1964,42920.00,35224.17,82.07
ES,1964,505990.00,471927.22,93.27
FI,1964,338150.00,246083.12,72.77
FR,1964,549086.00,472600.83,86.07
GB,1964,243610.00,220770.55,90.62
GR,1964,131960.00,126948.77,96.20
HU,1964,93030.00,84150.09,90.45
ID,1964,1910930.00,1453430.29,76.06
IE,1964,70280.00,52644.29,74.91
IN,1964,3287260.00,2471184.00,75.17
IT,1964,301340.00,260123.68,86.32
JP,1964,377800.00,303381.20,80.30
KR,1964,99260.00,82709.35,83.33
LU,1964,2590.00,2108.07,81.39
MT,1964,320.00,152.48,47.65
MX,1964,1964380.00,1707976.00,86.95
NL,1964,41530.00,25343.96,61.03
NO,1964,385178.00,131493.91,34.14
PL,1964,312690.00,293329.67,93.81
PT,1964,92120.00,73035.38,79.28
RO,1964,238390.00,209915.43,88.06
SE,1964,447420.11,312630.93,69.87
TR,1964,785350.00,594084.17,75.65
TW,1964,35960.00,8930.00,24.83
US,1964,9629090.00,7386012.00,76.71
WA,1964,7437797.70,5441068.00,73.15
WE,1964,134418.47,42133.55,31.35
WF,1964,24370125.00,14185180.00,58.21
WL,1964,10412724.00,7476843.00,71.80
WM,1964,6613347.90,2100145.00,31.76
ZA,1964,1219090.00,1150427.00,94.37
AT,1965,83879.00,68091.70,81.18
AU,1965,7741220.00,5955281.00,76.93
BE,1965,30222.95,21446.09,70.96
BG,1965,110990.00,92200.64,83.07
BR,1965,8515770.00,7632659.00,89.63
CA,1965,15640500.00,4088674.00,26.14
CH,1965,41290.00,28252.65,68.42
CN,1965,9600000.00,6508512.00,67.80
CY,1965,9250.00,4889.32,52.86
DE,1965,356970.00,295160.31,82.68
DK,1965,42920.00,34973.04,81.48
ES,1965,505990.00,471693.75,93.22
FI,1965,338150.00,246087.35,72.77
FR,1965,549086.00,472091.12,85.98
GB,1965,243610.00,219882.78,90.26
GR,1965,131960.00,123818.77,93.83
HU,1965,93030.00,83980.93,90.27
ID,1965,1910930.00,1453494.00,76.06
IE,1965,70280.00,53014.95,75.43
IN,1965,3287260.00,2473232.00,75.24
IT,1965,301340.00,259992.01,86.28
JP,1965,377800.00,303365.31,80.30
KR,1965,99260.00,82763.87,83.38
LU,1965,2590.00,2109.13,81.43
MT,1965,320.00,142.69,44.59
MX,1965,1964380.00,1708582.00,86.98
NL,1965,41530.00,25260.72,60.83
NO,1965,385178.00,131470.09,34.13
PL,1965,312690.00,291489.66,93.22
PT,1965,92120.00,73049.77,79.30
RO,1965,238390.00,210110.73,88.14
SE,1965,447420.11,312593.02,69.87
TR,1965,785350.00,594098.13,75.65
TW,1965,35960.00,8960.00,24.92
US,1965,9629090.00,7380860.00,76.65
WA,1965,7437912.85,5452910.00,73.31
WE,1965,134418.47,42162.10,31.37
WF,1965,24370125.00,14190270.00,58.23
WL,1965,10412724.00,7465988.00,71.70
WM,1965,6613347.90,2098051.00,31.72
ZA,1965,1219090.00,1143278.00,93.78
AT,1966,83879.00,67953.08,81.01
AU,1966,7741220.00,5960318.00,76.99
BE,1966,30231.42,21423.45,70.86
BG,1966,110990.00,92231.46,83.10
BR,1966,8515770.00,7633065.00,89.63
CA,1966,15640500.00,4088931.00,26.14
CH,1966,41290.00,28230.13,68.37
CN,1966,9600000.00,6516457.03,67.88
CY,1966,9250.00,4873.45,52.69
DE,1966,356970.00,295148.56,82.68
DK,1966,42920.00,34930.26,81.38
ES,1966,505990.00,469606.52,92.81
FI,1966,338150.00,246092.12,72.78
FR,1966,549086.00,471364.26,85.85
GB,1966,243610.00,219620.31,90.15
GR,1966,131960.00,127938.77,96.95
HU,1966,93030.00,83812.48,90.09
ID,1966,1910930.00,1453540.00,76.06
IE,1966,70280.00,53370.41,75.94
IN,1966,3287260.00,2474794.00,75.28
IT,1966,301340.00,259782.86,86.21
JP,1966,377800.00,303300.59,80.28
KR,1966,99260.00,82788.72,83.41
LU,1966,2590.00,2110.17,81.47
MT,1966,320.00,142.69,44.59
MX,1966,1964380.00,1709201.00,87.01
NL,1966,41530.00,25267.06,60.84
NO,1966,385178.00,131452.24,34.13
PL,1966,312690.00,291499.67,93.22
PT,1966,92120.00,73064.19,79.31
RO,1966,238390.00,210287.30,88.21
SE,1966,447420.11,312572.61,69.86
TR,1966,785350.00,594757.28,75.73
TW,1966,35960.00,8989.99,25.00
US,1966,9629090.00,7352643.00,76.36
WA,1966,7438028.00,5459183.00,73.40
WE,1966,134418.47,42174.41,31.38
WF,1966,24370125.00,14194810.00,58.25
WL,1966,10412724.00,7459834.00,71.64
WM,1966,6613347.90,2097243.07,31.71
ZA,1966,1219090.00,1142124.00,93.69
AT,1967,83879.00,67878.28,80.92
AU,1967,7741220.00,5977083.02,77.21
BE,1967,30239.89,21400.80,70.77
BG,1967,110990.00,92442.93,83.29
BR,1967,8515770.00,7633538.00,89.64
CA,1967,15640500.00,4088615.00,26.14
CH,1967,41290.00,28203.93,68.31
CN,1967,9600000.00,6524662.05,67.97
CY,1967,9250.00,4881.41,52.77
DE,1967,356970.00,294686.18,82.55
DK,1967,42920.00,34901.78,81.32
ES,1967,505990.00,470474.16,92.98
FI,1967,338150.00,246095.90,72.78
FR,1967,549086.00,470355.97,85.66
GB,1967,243610.00,219650.29,90.16
GR,1967,131960.00,128168.76,97.13
HU,1967,93030.00,83726.28,90.00
ID,1967,1910930.00,1453573.00,76.07
IE,1967,70280.00,53595.23,76.26
IN,1967,3287260.00,2476024.00,75.32
IT,1967,301340.00,259627.76,86.16
JP,1967,377800.00,303266.70,80.27
KR,1967,99260.00,82803.27,83.42
LU,1967,2590.00,2111.23,81.51
MT,1967,320.00,142.69,44.59
MX,1967,1964380.00,1709854.00,87.04
NL,1967,41530.00,25216.42,60.72
NO,1967,385178.00,131437.38,34.12
PL,1967,312690.00,290219.67,92.81
PT,1967,92120.00,73078.68,79.33
RO,1967,238390.00,210299.38,88.22
SE,1967,447420.11,312567.94,69.86
TR,1967,785350.00,594112.09,75.65
TW,1967,35960.00,9020.00,25.08
US,1967,9629090.00,7324671.00,76.07
WA,1967,7438143.15,5464400.00,73.46
WE,1967,134418.47,42190.89,31.39
WF,1967,24370125.00,14199520.00,58.27
WL,1967,10412724.00,7448045.00,71.53
WM,1967,6613347.90,2098475.00,31.73
ZA,1967,1219090.00,1140416.00,93.55
AT,1968,83879.00,67845.43,80.88
AU,1968,7741220.00,6138653.85,79.30
BE,1968,30248.37,21378.13,70.68
BG,1968,110990.00,92506.21,83.35
BR,1968,8515770.00,7634082.00,89.65
CA,1968,15640500.00,4088299.00,26.14
CH,1968,41290.00,28193.72,68.28
CN,1968,9600000.00,6533116.13,68.05
CY,1968,9250.00,4881.43,52.77
DE,1968,356970.00,294198.66,82.42
DK,1968,42920.00,34859.12,81.22
ES,1968,505990.00,469617.94,92.81
FI,1968,338150.00,246099.34,72.78
FR,1968,549086.00,468295.34,85.29
GB,1968,243610.00,218693.59,89.77
GR,1968,131960.00,128468.77,97.35
HU,1968,93030.00,83652.78,89.92
ID,1968,1910930.00,1453685.00,76.07
IE,1968,70280.00,53753.70,76.49
IN,1968,3287260.00,2478507.00,75.40
IT,1968,301340.00,259484.79,86.11
JP,1968,377800.00,303243.11,80.27
KR,1968,99260.00,82808.19,83.43
LU,1968,2590.00,2112.28,81.56
MT,1968,320.00,142.69,44.59
MX,1968,1964380.00,1710466.00,87.07
NL,1968,41530.00,25161.12,60.59
NO,1968,385178.00,131419.56,34.12
PL,1968,312690.00,289799.68,92.68
PT,1968,92120.00,73083.52,79.34
RO,1968,238390.00,210844.55,88.45
SE,1968,447420.11,312543.32,69.85
TR,1968,785350.00,595170.97,75.78
TW,1968,35960.00,9000.00,25.03
US,1968,9629090.00,7368924.00,76.53
WA,1968,7438258.30,5465991.00,73.48
WE,1968,134418.47,42174.41,31.38
WF,1968,24370125.00,14210230.00,58.31
WL,1968,10412724.00,7440215.00,71.45
WM,1968,6613347.90,2099853.00,31.75
ZA,1968,1219090.00,1139055.00,93.43
AT,1969,83879.00,67826.86,80.86
AU,1969,7741220.00,6120246.69,79.06
BE,1969,30256.84,21355.48,70.58
BG,1969,110990.00,93015.77,83.81
BR,1969,8515770.00,7634701.00,89.65
CA,1969,15640500.00,4087983.00,26.14
CH,1969,41290.00,28198.63,68.29
CN,1969,9600000.00,6544337.00,68.17
CY,1969,9250.00,4865.58,52.60
DE,1969,356970.00,294080.58,82.38
DK,1969,42920.00,34675.18,80.79
ES,1969,505990.00,471037.84,93.09
FI,1969,338150.00,246067.55,72.77
FR,1969,549086.00,468272.77,85.28
GB,1969,243610.00,218351.10,89.63
GR,1969,131960.00,128478.77,97.36
HU,1969,93030.00,83558.88,89.82
ID,1969,1910930.00,1453800.00,76.08
IE,1969,70280.00,53856.24,76.63
IN,1969,3287260.00,2475957.00,75.32
IT,1969,301340.00,258725.54,85.86
JP,1969,377800.00,303162.01,80.24
KR,1969,99260.00,82803.97,83.42
LU,1969,2590.00,2113.34,81.60
MT,1969,320.00,142.69,44.59
MX,1969,1964380.00,1711104.00,87.11
NL,1969,41530.00,25031.18,60.27
NO,1969,385178.00,131395.82,34.11
PL,1969,312690.00,287599.67,91.98
PT,1969,92120.00,73107.80,79.36
RO,1969,238390.00,210828.11,88.44
SE,1969,447420.11,312552.45,69.86
TR,1969,785350.00,598971.40,76.27
TW,1969,35960.00,9150.01,25.44
US,1969,9629090.00,7436300.00,77.23
WA,1969,7438373.44,5457454.00,73.37
WE,1969,134418.47,42153.91,31.36
WF,1969,24370125.00,14217210.00,58.34
WL,1969,10412724.00,7425567.00,71.31
WM,1969,6613347.90,2101114.00,31.77
ZA,1969,1219090.00,1137637.00,93.32
AT,1970,83879.00,67792.47,80.82
AU,1970,7741220.00,6002545.00,77.54
BE,1970,30265.32,21332.83,70.49
BG,1970,110990.00,92971.45,83.77
BR,1970,8515770.00,7635398.00,89.66
CA,1970,15640500.00,4087668.00,26.14
CH,1970,41290.00,28147.92,68.17
CN,1970,9600000.00,6555916.00,68.29
CY,1970,9250.00,4857.66,52.52
DE,1970,356970.00,293212.46,82.14
DK,1970,42920.00,34562.73,80.53
ES,1970,505990.00,469465.74,92.78
FI,1970,338150.00,246057.13,72.77
FR,1970,549086.00,465265.99,84.73
GB,1970,243610.00,214449.28,88.03
GR,1970,131960.00,128588.77,97.45
HU,1970,93030.00,83473.19,89.73
ID,1970,1910930.00,1453843.00,76.08
IE,1970,70280.00,53686.50,76.39
IN,1970,3287260.00,2477114.00,75.35
IT,1970,301340.00,258448.14,85.77
JP,1970,377800.00,303186.23,80.25
KR,1970,99260.00,82794.91,83.41
LU,1970,2590.00,2114.39,81.64
MT,1970,320.00,142.69,44.59
MX,1970,1964380.00,1717242.00,87.42
NL,1970,41530.00,24898.64,59.95
NO,1970,385178.00,131301.10,34.09
PL,1970,312690.00,287459.67,91.93
PT,1970,92120.00,73122.46,79.38
RO,1970,238390.00,210672.51,88.37
SE,1970,447420.11,312555.44,69.86
TR,1970,785350.00,597249.74,76.05
TW,1970,35960.00,9050.00,25.17
US,1970,9629090.00,7421220.00,77.07
WA,1970,7438488.59,5463900.00,73.45
WE,1970,134418.47,40955.68,30.47
WF,1970,24370125.00,14213530.00,58.32
WL,1970,10412724.00,7420361.00,71.26
WM,1970,6613347.90,2101969.00,31.78
ZA,1970,1219090.00,1136224.00,93.20
AT,1971,83879.00,67759.32,80.78
AU,1971,7741220.00,6043276.69,78.07
BE,1971,30273.79,21310.18,70.39
BG,1971,110990.00,92967.76,83.76
BR,1971,8515770.00,7636127.91,89.67
CA,1971,15640500.00,4087346.00,26.13
CH,1971,41290.00,28116.32,68.09
CN,1971,9600000.00,6568059.00,68.42
CY,1971,9250.00,4841.84,52.34
DE,1971,356970.00,292949.76,82.07
DK,1971,42920.00,34395.14,80.14
ES,1971,505990.00,471654.27,93.21
FI,1971,338150.00,246052.05,72.76
FR,1971,549086.00,465825.26,84.84
GB,1971,243610.00,214405.73,88.01
GR,1971,131960.00,128588.77,97.45
HU,1971,93030.00,83344.12,89.59
ID,1971,1910930.00,1453968.00,76.09
IE,1971,70280.00,53918.86,76.72
IN,1971,3287260.00,2476068.00,75.32
IT,1971,301340.00,244686.15,81.20
JP,1971,377800.00,303103.45,80.23
KR,1971,99260.00,82777.85,83.39
LU,1971,2590.00,2115.46,81.68
MT,1971,320.00,142.69,44.59
MX,1971,1964380.00,1715958.00,87.35
NL,1971,41530.00,24395.24,58.74
NO,1971,385178.00,131233.26,34.07
PL,1971,312690.00,287109.67,91.82
PT,1971,92120.00,73137.16,79.39
RO,1971,238390.00,210692.95,88.38
SE,1971,447420.11,312557.30,69.86
TR,1971,785350.00,597749.00,76.11
TW,1971,35960.00,9030.00,25.11
US,1971,9629090.00,7405666.00,76.91
WA,1971,7438603.74,5464699.00,73.46
WE,1971,134418.47,40737.19,30.31
WF,1971,24370125.00,14229570.00,58.39
WL,1971,10412724.00,7421793.00,71.28
WM,1971,6613347.90,2106517.00,31.85
ZA,1971,1219090.00,1134816.00,93.09
AT,1972,83879.00,67728.91,80.75
AU,1972,7741220.00,6045149.00,78.09
BE,1972,30282.26,21287.51,70.30
BG,1972,110990.00,93015.76,83.81
BR,1972,8515770.00,7636931.00,89.68
CA,1972,15640500.00,4087409.00,26.13
CH,1972,41290.00,28106.70,68.07
CN,1972,9600000.00,6580540.00,68.55
CY,1972,9250.00,4826.04,52.17
DE,1972,356970.00,292938.72,82.06
DK,1972,42920.00,34429.96,80.22
ES,1972,505990.00,471198.20,93.12
FI,1972,338150.00,246030.41,72.76
FR,1972,549086.00,465353.11,84.75
GB,1972,243610.00,213776.05,87.75
GR,1972,131960.00,128638.77,97.48
HU,1972,93030.00,83288.22,89.53
ID,1972,1910930.00,1454092.00,76.09
IE,1972,70280.00,53945.60,76.76
IN,1972,3287260.00,2476642.00,75.34
IT,1972,301340.00,243992.09,80.97
JP,1972,377800.00,302984.14,80.20
KR,1972,99260.00,82758.63,83.38
LU,1972,2590.00,2116.53,81.72
MT,1972,320.00,142.69,44.59
MX,1972,1964380.00,1716826.00,87.40
NL,1972,41530.00,24282.48,58.47
NO,1972,385178.00,131171.50,34.05
PL,1972,312690.00,285739.67,91.38
PT,1972,92120.00,73151.92,79.41
RO,1972,238390.00,210725.67,88.40
SE,1972,447420.11,312548.17,69.86
TR,1972,785350.00,599660.23,76.36
TW,1972,35960.00,8989.99,25.00
US,1972,9629090.00,7389431.00,76.74
WA,1972,7438718.89,5472855.00,73.57
WE,1972,134418.47,40538.34,30.16
WF,1972,24370125.00,14234370.00,58.41
WL,1972,10412724.00,7417415.00,71.23
WM,1972,6613347.90,2119003.00,32.04
ZA,1972,1219090.00,1133443.86,92.97
AT,1973,83879.00,67547.88,80.53
AU,1973,7741220.00,6032293.00,77.92
BE,1973,30290.74,21264.87,70.20
BG,1973,110990.00,92868.72,83.67
BR,1973,8515770.00,7637809.61,89.69
CA,1973,15640500.00,4087472.00,26.13
CH,1973,41290.00,28073.24,67.99
CN,1973,9600000.00,6596254.99,68.71
CY,1973,9250.00,4827.64,52.19
DE,1973,356970.00,292747.63,82.01
DK,1973,42920.00,34639.97,80.71
ES,1973,505990.00,470080.93,92.90
FI,1973,338150.00,246023.08,72.76
FR,1973,549086.00,465113.76,84.71
GB,1973,243610.00,213343.34,87.58
GR,1973,131960.00,128468.77,97.35
HU,1973,93030.00,83220.01,89.46
ID,1973,1910930.00,1454192.00,76.10
IE,1973,70280.00,54060.30,76.92
IN,1973,3287260.00,2480241.98,75.45
IT,1973,301340.00,243865.00,80.93
JP,1973,377800.00,302959.06,80.19
KR,1973,99260.00,82759.28,83.38
LU,1973,2590.00,2117.60,81.76
MT,1973,320.00,142.69,44.59
MX,1973,1964380.00,1717567.00,87.44
NL,1973,41530.00,24177.83,58.22
NO,1973,385178.00,131153.89,34.05
PL,1973,312690.00,285289.67,91.24
PT,1973,92120.00,73164.26,79.42
RO,1973,238390.00,210566.56,88.33
SE,1973,447420.11,312542.09,69.85
TR,1973,785350.00,599512.90,76.34
TW,1973,35960.00,8960.00,24.92
US,1973,9629090.00,7374913.00,76.59
WA,1973,7438834.04,5486232.00,73.75
WE,1973,134418.47,40335.75,30.01
WF,1973,24370125.00,14227060.00,58.38
WL,1973,10412724.00,7414992.00,71.21
WM,1973,6613347.90,2129850.00,32.21
ZA,1973,1219090.00,1132016.53,92.86
AT,1974,83879.00,67517.20,80.49
AU,1974,7741220.00,6048790.00,78.14
BE,1974,30299.21,21242.21,70.11
BG,1974,110990.00,93075.12,83.86
BR,1974,8515770.00,7638765.00,89.70
CA,1974,15640500.00,4087535.00,26.13
CH,1974,41290.00,28050.59,67.94
CN,1974,9600000.00,6615653.75,68.91
CY,1974,9250.00,4021.35,43.47
DE,1974,356970.00,292470.21,81.93
DK,1974,42920.00,34263.42,79.83
ES,1974,505990.00,469289.27,92.75
FI,1974,338150.00,246028.47,72.76
FR,1974,549086.00,465035.59,84.69
GB,1974,243610.00,212926.32,87.40
GR,1974,131960.00,128448.77,97.34
HU,1974,93030.00,82893.34,89.10
ID,1974,1910930.00,1454290.00,76.10
IE,1974,70280.00,54113.80,77.00
IN,1974,3287260.00,2482634.00,75.52
IT,1974,301340.00,243962.75,80.96
JP,1974,377800.00,302936.38,80.18
KR,1974,99260.00,82757.34,83.37
LU,1974,2590.00,2118.66,81.80
MT,1974,320.00,142.69,44.59
MX,1974,1964380.00,1718444.00,87.48
NL,1974,41530.00,24110.07,58.05
NO,1974,385178.00,131145.09,34.05
PL,1974,312690.00,284599.66,91.02
PT,1974,92120.00,73176.64,79.44
RO,1974,238390.00,210668.43,88.37
SE,1974,447420.11,312548.44,69.86
TR,1974,785350.00,597800.60,76.12
TW,1974,35960.00,9170.00,25.50
US,1974,9629090.00,7359185.00,76.43
WA,1974,7438949.19,5485839.00,73.74
WE,1974,134418.47,40141.37,29.86
WF,1974,24370125.00,14224390.00,58.37
WL,1974,10412724.00,7415825.00,71.22
WM,1974,6613347.90,2125652.00,32.14
ZA,1974,1219090.00,1130715.00,92.75
AT,1975,83879.00,67480.96,80.45
AU,1975,7741220.00,6043349.94,78.07
BE,1975,30307.68,21219.57,70.01
BG,1975,110990.00,92770.60,83.58
BR,1975,8515770.00,7639798.00,89.71
CA,1975,15640500.00,4087598.00,26.13
CH,1975,41290.00,28037.16,67.90
CN,1975,9600000.00,6629595.00,69.06
CY,1975,9250.00,3319.49,35.89
DE,1975,356970.00,292364.97,81.90
DK,1975,42920.00,34297.99,79.91
ES,1975,505990.00,468613.67,92.61
FI,1975,338150.00,246030.44,72.76
FR,1975,549086.00,464667.47,84.63
GB,1975,243610.00,212532.02,87.24
GR,1975,131960.00,128218.77,97.16
HU,1975,93030.00,82819.84,89.02
ID,1975,1910930.00,1454437.00,76.11
IE,1975,70280.00,54009.33,76.85
IN,1975,3287260.00,2484499.00,75.58
IT,1975,301340.00,244036.14,80.98
JP,1975,377800.00,302827.84,80.16
KR,1975,99260.00,82759.94,83.38
LU,1975,2590.00,2119.74,81.84
MT,1975,320.00,132.93,41.54
MX,1975,1964380.00,1718663.00,87.49
NL,1975,41530.00,24019.01,57.84
NO,1975,385178.00,131136.29,34.05
PL,1975,312690.00,284269.68,90.91
PT,1975,92120.00,73189.05,79.45
RO,1975,238390.00,210737.93,88.40
SE,1975,447420.11,312544.97,69.85
TR,1975,785350.00,596464.04,75.95
TW,1975,35960.00,9170.00,25.50
US,1975,9629090.00,7359185.00,76.43
WA,1975,7439064.33,5495618.00,73.88
WE,1975,134418.47,39900.12,29.68
WF,1975,24370125.00,14229960.00,58.39
WL,1975,10412724.00,7414113.00,71.20
WM,1975,6613347.90,2122255.00,32.09
ZA,1975,1219090.00,1129208.69,92.63
AT,1976,83879.00,67468.86,80.44
AU,1976,7741220.00,6051379.00,78.17
BE,1976,30316.16,21196.90,69.92
BG,1976,110990.00,93685.72,84.41
BR,1976,8515770.00,7641388.00,89.73
CA,1976,15640500.00,4087663.00,26.14
CH,1976,41290.00,28032.80,67.89
CN,1976,9600000.00,6648030.31,69.25
CY,1976,9250.00,3305.15,35.73
DE,1976,356970.00,292241.98,81.87
DK,1976,42920.00,34270.32,79.85
ES,1976,505990.00,467073.89,92.31
FI,1976,338150.00,246029.97,72.76
FR,1976,549086.00,463229.44,84.36
GB,1976,243610.00,212424.67,87.20
GR,1976,131960.00,128188.77,97.14
HU,1976,93030.00,82731.16,88.93
ID,1976,1910930.00,1454431.16,76.11
IE,1976,70280.00,54138.95,77.03
IN,1976,3287260.00,2484295.00,75.57
IT,1976,301340.00,244094.95,81.00
JP,1976,377800.00,302803.47,80.15
KR,1976,99260.00,82758.62,83.38
LU,1976,2590.00,2120.81,81.88
MT,1976,320.00,132.93,41.54
MX,1976,1964380.00,1718882.00,87.50
NL,1976,41530.00,23964.53,57.70
NO,1976,385178.00,131130.43,34.04
PL,1976,312690.00,284019.67,90.83
PT,1976,92120.00,73201.52,79.46
RO,1976,238390.00,210774.78,88.42
SE,1976,447420.11,312548.31,69.86
TR,1976,785350.00,596250.99,75.92
TW,1976,35960.00,9200.01,25.58
US,1976,9629090.00,7359185.00,76.43
WA,1976,7439179.48,5377908.00,72.29
WE,1976,134418.47,39784.89,29.60
WF,1976,24370125.00,14240330.00,58.43
WL,1976,10412724.00,7414325.00,71.20
WM,1976,6613347.90,2117616.00,32.02
ZA,1976,1219090.00,1127798.00,92.51
AT,1977,83879.00,67457.00,80.42
AU,1977,7741220.00,5989814.00,77.38
BE,1977,30324.63,21174.25,69.83
BG,1977,110990.00,93717.06,84.44
BR,1977,8515770.00,7643142.99,89.75
CA,1977,15640500.00,4086791.00,26.13
CH,1977,41290.00,28028.46,67.88
CN,1977,9600000.00,6667104.00,69.45
CY,1977,9250.00,3294.46,35.62
DE,1977,356970.00,292065.53,81.82
DK,1977,42920.00,34228.88,79.75
ES,1977,505990.00,467323.24,92.36
FI,1977,338150.00,246026.66,72.76
FR,1977,549086.00,462760.42,84.28
GB,1977,243610.00,211867.85,86.97
GR,1977,131960.00,128158.77,97.12
HU,1977,93030.00,82565.29,88.75
ID,1977,1910930.00,1454509.00,76.12
IE,1977,70280.00,54365.88,77.36
IN,1977,3287260.00,2484032.00,75.57
IT,1977,301340.00,243957.84,80.96
JP,1977,377800.00,302705.81,80.12
KR,1977,99260.00,82756.69,83.37
LU,1977,2590.00,2121.89,81.93
MT,1977,320.00,142.69,44.59
MX,1977,1964380.00,1719097.00,87.51
NL,1977,41530.00,23858.20,57.45
NO,1977,385178.00,131139.22,34.05
PL,1977,312690.00,283619.68,90.70
PT,1977,92120.00,73214.00,79.48
RO,1977,238390.00,210795.29,88.42
SE,1977,447420.11,312543.40,69.85
TR,1977,785350.00,596706.79,75.98
TW,1977,35960.00,9230.00,25.67
US,1977,9629090.00,7359698.00,76.43
WA,1977,7437174.63,5388790.00,72.46
WE,1977,134418.47,39809.41,29.62
WF,1977,24370125.00,14245450.00,58.45
WL,1977,10412724.00,7413378.00,71.20
WM,1977,6613347.90,2114853.00,31.98
ZA,1977,1219090.00,1127733.00,92.51
AT,1978,83879.00,67463.42,80.43
AU,1978,7741220.00,6020289.00,77.77
BE,1978,30333.11,21151.61,69.73
BG,1978,110990.00,93736.68,84.46
BR,1978,8515770.00,7645069.00,89.78
CA,1978,15640500.00,4085918.00,26.12
CH,1978,41290.00,28041.14,67.91
CN,1978,9600000.00,6687070.00,69.66
CY,1978,9250.00,3283.80,35.50
DE,1978,356970.00,291886.45,81.77
DK,1978,42920.00,34187.52,79.65
ES,1978,505990.00,466907.38,92.28
FI,1978,338150.00,246023.77,72.76
FR,1978,549086.00,462975.56,84.32
GB,1978,243610.00,211782.37,86.94
GR,1978,131960.00,128788.77,97.60
HU,1978,93030.00,82382.27,88.55
ID,1978,1910930.00,1454620.00,76.12
IE,1978,70280.00,54401.40,77.41
IN,1978,3287260.00,2488591.00,75.70
IT,1978,301340.00,244389.82,81.10
JP,1978,377800.00,302690.60,80.12
KR,1978,99260.00,82754.08,83.37
LU,1978,2590.00,2122.97,81.97
MT,1978,320.00,142.69,44.59
MX,1978,1964380.00,1720854.00,87.60
NL,1978,41530.00,23741.84,57.17
NO,1978,385178.00,131142.16,34.05
PL,1978,312690.00,283139.67,90.55
PT,1978,92120.00,73226.52,79.49
RO,1978,238390.00,210815.80,88.43
SE,1978,447420.11,312545.67,69.86
TR,1978,785350.00,596764.89,75.99
TW,1978,35960.00,9180.01,25.53
US,1978,9629090.00,7353308.00,76.37
WA,1978,7437289.78,5398159.00,72.58
WE,1978,134418.47,39727.70,29.56
WF,1978,24370125.00,14251430.00,58.48
WL,1978,10412724.00,7411475.00,71.18
WM,1978,6613347.90,2106879.00,31.86
ZA,1978,1219090.00,1127786.00,92.51
AT,1979,83879.00,67388.29,80.34
AU,1979,7741220.00,6001256.00,77.52
BE,1979,30341.58,21128.96,69.64
BG,1979,110990.00,93717.06,84.44
BR,1979,8515770.00,7647172.00,89.80
CA,1979,15640500.00,4085048.00,26.12
CH,1979,41290.70,28092.09,68.03
CN,1979,9600000.00,6702781.00,69.82
CY,1979,9250.00,3273.18,35.39
DE,1979,356970.00,291655.10,81.70
DK,1979,42920.00,34180.64,79.64
ES,1979,505990.00,466469.29,92.19
FI,1979,338150.00,246019.73,72.75
FR,1979,549086.00,462441.05,84.22
GB,1979,243610.00,211597.38,86.86
GR,1979,131960.00,128848.77,97.64
HU,1979,93030.00,82076.42,88.23
ID,1979,1910930.00,1454805.00,76.13
IE,1979,70280.00,54487.56,77.53
IN,1979,3287260.00,2488536.00,75.70
IT,1979,301340.00,244483.49,81.13
JP,1979,377800.00,302675.55,80.12
KR,1979,99260.00,82747.01,83.36
LU,1979,2590.00,2124.05,82.01
MT,1979,320.00,142.69,44.59
MX,1979,1964380.00,1721844.00,87.65
NL,1979,41530.00,23640.96,56.93
NO,1979,385178.00,131301.11,34.09
PL,1979,312690.00,282509.68,90.35
PT,1979,92120.00,73239.11,79.50
RO,1979,238390.00,210824.01,88.44
SE,1979,447420.11,312539.23,69.85
TR,1979,785350.00,599910.20,76.39
TW,1979,35960.00,9150.00,25.44
US,1979,9629090.00,7353308.00,76.37
WA,1979,7439444.93,5392973.00,72.49
WE,1979,134418.47,39639.16,29.49
WF,1979,24370125.00,14256670.00,58.50
WL,1979,10412724.00,7410935.00,71.17
WM,1979,6613347.90,2114239.00,31.97
ZA,1979,1219090.00,1127721.00,92.51
AT,1980,83879.00,67384.58,80.34
AU,1980,7741220.00,6017209.44,77.73
BE,1980,30350.05,21106.29,69.54
BG,1980,110990.00,93619.39,84.35
BR,1980,8515770.00,7649483.00,89.83
CA,1980,15640500.00,4084179.00,26.11
CH,1980,41290.70,28072.36,67.99
CN,1980,9600000.00,6718850.53,69.99
CY,1980,9250.00,3267.28,35.32
DE,1980,356970.00,291390.25,81.63
DK,1980,42920.00,34077.67,79.40
ES,1980,505990.00,465999.94,92.10
FI,1980,338150.00,246012.63,72.75
FR,1980,549086.00,461972.94,84.13
GB,1980,243610.00,211718.32,86.91
GR,1980,131960.00,128838.77,97.63
HU,1980,93030.00,81928.45,88.07
ID,1980,1910930.00,1454981.00,76.14
IE,1980,70280.00,54767.35,77.93
IN,1980,3287260.00,2487129.00,75.66
IT,1980,301340.00,244256.93,81.06
JP,1980,377800.00,302582.55,80.09
KR,1980,99260.00,82743.81,83.36
LU,1980,2590.00,2125.14,82.05
MT,1980,320.00,132.93,41.54
MX,1980,1964380.00,1722218.00,87.67
NL,1980,41530.00,23643.95,56.93
NO,1980,385178.00,131247.99,34.07
PL,1980,312690.00,282099.68,90.22
PT,1980,92120.00,73246.66,79.51
RO,1980,238390.00,210811.70,88.43
SE,1980,447420.11,312536.59,69.85
TR,1980,785350.00,598732.00,76.24
TW,1980,35960.00,9070.00,25.22
US,1980,9629090.00,7353308.00,76.37
WA,1980,7439640.07,5407027.00,72.68
WE,1980,134418.47,39533.84,29.41
WF,1980,24370125.00,14271980.00,58.56
WL,1980,10412724.00,7410017.00,71.16
WM,1980,6613347.90,2097170.00,31.71
ZA,1980,1219090.00,1127714.67,92.50
AT,1981,83879.00,67412.83,80.37
AU,1981,7741220.00,6016723.00,77.72
BE,1981,30358.53,21083.64,69.45
BG,1981,110990.00,93611.62,84.34
BR,1981,8515770.00,7650414.00,89.84
CA,1981,15640500.00,4083318.00,26.11
CH,1981,41290.70,28056.41,67.95
CN,1981,9600000.00,6737992.44,70.19
CY,1981,9250.00,3293.29,35.60
DE,1981,356970.00,291186.93,81.57
DK,1981,42920.00,34022.96,79.27
ES,1981,505990.00,465878.63,92.07
FI,1981,338150.00,246008.33,72.75
FR,1981,549086.00,461827.31,84.11
GB,1981,243610.00,210662.17,86.48
GR,1981,131960.00,128945.42,97.72
HU,1981,93030.00,81769.28,87.90
ID,1981,1910930.00,1455145.00,76.15
IE,1981,70280.00,54589.67,77.67
IN,1981,3287260.00,2487718.00,75.68
IT,1981,301340.00,244202.89,81.04
JP,1981,377800.00,302650.06,80.11
KR,1981,99260.00,82742.55,83.36
LU,1981,2590.00,2126.23,82.09
MT,1981,320.00,132.93,41.54
MX,1981,1964380.00,1722988.00,87.71
NL,1981,41530.00,23594.04,56.81
NO,1981,385178.00,131247.99,34.07
PL,1981,312690.00,281129.67,89.91
PT,1981,92120.00,73254.22,79.52
RO,1981,238390.00,210746.12,88.40
SE,1981,447420.11,312525.81,69.85
TR,1981,785350.00,598859.10,76.25
TW,1981,35960.00,8999.99,25.03
US,1981,9629090.00,7353308.00,76.37
WA,1981,7440215.22,5406042.00,72.66
WE,1981,134418.47,39526.88,29.41
WF,1981,24370125.00,14228450.00,58.38
WL,1981,10412724.00,7408893.00,71.15
WM,1981,6613347.90,2102842.00,31.80
ZA,1981,1219090.00,1127649.16,92.50
AT,1982,83879.00,67387.89,80.34
AU,1982,7741220.00,5984938.00,77.31
BE,1982,30367.00,21060.99,69.35
BG,1982,110990.00,93623.28,84.35
BR,1982,8515770.00,7651374.00,89.85
CA,1982,15640500.00,4083145.00,26.11
CH,1982,41290.70,28038.77,67.91
CN,1982,9600000.00,6773948.00,70.56
CY,1982,9250.00,3329.72,36.00
DE,1982,356970.00,290960.67,81.51
DK,1982,42920.00,33954.80,79.11
ES,1982,505990.00,465825.20,92.06
FI,1982,338150.00,246001.97,72.75
FR,1982,549086.00,461657.10,84.08
GB,1982,243610.00,210387.12,86.36
GR,1982,131960.00,128948.69,97.72
HU,1982,93030.00,81652.17,87.77
ID,1982,1910930.00,1455326.00,76.16
IE,1982,70280.00,54479.64,77.52
IN,1982,3287260.00,2489411.00,75.73
IT,1982,301340.00,244129.28,81.01
JP,1982,377800.00,302474.06,80.06
KR,1982,99260.00,82741.30,83.36
LU,1982,2590.00,2127.32,82.14
MT,1982,320.00,132.93,41.54
MX,1982,1964380.00,1722501.00,87.69
NL,1982,41530.00,23570.99,56.76
NO,1982,385178.00,131265.68,34.08
PL,1982,312690.00,280939.67,89.85
PT,1982,92120.00,73261.82,79.53
RO,1982,238390.00,210807.62,88.43
SE,1982,447420.11,312520.23,69.85
TR,1982,785350.00,593732.96,75.60
TW,1982,35960.00,8909.99,24.78
US,1982,9629090.00,7362873.00,76.46
WA,1982,7440330.37,5425701.00,72.92
WE,1982,134418.47,39519.95,29.40
WF,1982,24370125.00,14233780.00,58.41
WL,1982,10412724.00,7407404.00,71.14
WM,1982,6613347.90,2108118.00,31.88
ZA,1982,1219090.00,1127584.00,92.49
AT,1983,83879.00,67169.46,80.08
AU,1983,7741220.00,5939159.00,76.72
BE,1983,30375.47,21038.35,69.26
BG,1983,110990.00,93603.84,84.34
BR,1983,8515770.00,7652363.00,89.86
CA,1983,15640500.00,4082965.00,26.11
CH,1983,41290.70,28021.28,67.86
CN,1983,9600000.00,6814762.79,70.99
CY,1983,9250.00,3335.73,36.06
DE,1983,356970.00,290732.63,81.44
DK,1983,42920.00,33677.92,78.47
ES,1983,505990.00,464401.01,91.78
FI,1983,338150.00,245993.95,72.75
FR,1983,549086.00,461322.01,84.02
GB,1983,243610.00,209930.04,86.17
GR,1983,131960.00,128858.77,97.65
HU,1983,93030.00,81582.55,87.69
ID,1983,1910930.00,1455413.00,76.16
IE,1983,70280.00,54331.95,77.31
IN,1983,3287260.00,2487996.00,75.69
IT,1983,301340.00,242791.20,80.57
JP,1983,377800.00,302462.73,80.06
KR,1983,99260.00,82736.88,83.35
LU,1983,2590.00,2128.41,82.18
MT,1983,320.00,132.93,41.54
MX,1983,1964380.00,1726650.00,87.90
NL,1983,41530.00,23433.19,56.42
NO,1983,385178.00,131274.53,34.08
PL,1983,312690.00,280819.67,89.81
PT,1983,92120.00,73269.41,79.54
RO,1983,238390.00,210881.55,88.46
SE,1983,447420.11,312511.48,69.85
TR,1983,785350.00,592114.76,75.40
TW,1983,35960.00,8940.00,24.86
US,1983,9629090.00,7362873.00,76.46
WA,1983,7440445.52,5415517.00,72.78
WE,1983,134418.47,39506.16,29.39
WF,1983,24370125.00,14248500.00,58.47
WL,1983,10412724.00,7405640.00,71.12
WM,1983,6613347.90,2113637.00,31.96
ZA,1983,1219090.00,1127584.00,92.49
AT,1984,83879.00,67182.54,80.09
AU,1984,7741220.00,5957237.00,76.95
BE,1984,30383.95,21015.67,69.17
BG,1984,110990.00,93584.42,84.32
BR,1984,8515770.00,7653379.00,89.87
CA,1984,15640500.00,4082785.00,26.10
CH,1984,41290.70,28003.85,67.82
CN,1984,9600000.00,6862424.00,71.48
CY,1984,9250.00,3329.72,36.00
DE,1984,356970.00,290574.71,81.40
DK,1984,42920.00,33738.34,78.61
ES,1984,505990.00,463848.88,91.67
FI,1984,338150.00,245988.73,72.75
FR,1984,549086.00,461087.18,83.97
GB,1984,243610.00,209831.83,86.13
GR,1984,131960.00,128967.79,97.73
HU,1984,93030.00,81482.60,87.59
ID,1984,1910930.00,1455333.00,76.16
IE,1984,70280.00,54465.42,77.50
IN,1984,3287260.00,2492546.00,75.82
IT,1984,301340.00,242714.61,80.55
JP,1984,377800.00,301223.30,79.73
KR,1984,99260.00,82732.49,83.35
LU,1984,2590.00,2129.51,82.22
MT,1984,320.00,132.93,41.54
MX,1984,1964380.00,1727523.00,87.94
NL,1984,41530.00,23478.29,56.53
NO,1984,385178.00,131301.10,34.09
PL,1984,312690.00,281419.67,90.00
PT,1984,92120.00,73277.03,79.55
RO,1984,238390.00,210926.83,88.48
SE,1984,447420.11,312502.45,69.85
TR,1984,785350.00,595213.54,75.79
TW,1984,35960.00,8920.01,24.81
US,1984,9629090.00,7362873.00,76.46
WA,1984,7440560.67,5426674.00,72.93
WE,1984,134418.47,39516.50,29.40
WF,1984,24370125.00,14253460.00,58.49
WL,1984,10412724.00,7405050.00,71.12
WM,1984,6613347.90,2168044.00,32.78
ZA,1984,1219090.00,1127584.00,92.49
AT,1985,83879.00,67190.28,80.10
AU,1985,7741220.00,5958762.24,76.97
BE,1985,30392.42,20993.05,69.07
BG,1985,110990.00,93572.77,84.31
BR,1985,8515770.00,7654424.64,89.89
CA,1985,15640500.00,4082605.00,26.10
CH,1985,41290.70,27984.53,67.77
CN,1985,9600000.00,6913181.58,72.01
CY,1985,9250.00,3216.59,34.77
DE,1985,356970.00,290438.08,81.36
DK,1985,42920.00,33597.67,78.28
ES,1985,505990.00,464136.20,91.73
FI,1985,338150.00,245985.12,72.74
FR,1985,549086.00,460816.29,83.92
GB,1985,243610.00,209593.57,86.04
GR,1985,131960.00,128878.77,97.67
HU,1985,93030.00,81394.72,87.49
ID,1985,1910930.00,1456475.00,76.22
IE,1985,70280.00,54387.99,77.39
IN,1985,3287260.00,2492029.00,75.81
IT,1985,301340.00,242006.45,80.31
JP,1985,377800.00,301129.33,79.71
KR,1985,99260.00,82726.91,83.34
LU,1985,2590.00,2130.60,82.26
MT,1985,320.00,132.93,41.54
MX,1985,1964380.00,1728122.00,87.97
NL,1985,41530.00,23514.58,56.62
NO,1985,385178.00,131309.97,34.09
PL,1985,312690.00,281169.66,89.92
PT,1985,92120.00,73284.65,79.55
RO,1985,238390.00,211042.43,88.53
SE,1985,447420.11,312461.48,69.84
TR,1985,785350.00,597074.38,76.03
TW,1985,35960.00,8880.01,24.69
US,1985,9629090.00,7362873.00,76.46
WA,1985,7440675.81,5426900.00,72.94
WE,1985,134418.47,39513.05,29.40
WF,1985,24370125.00,14259710.00,58.51
WL,1985,10412724.00,7403234.53,71.10
WM,1985,6613347.90,2228079.00,33.69
ZA,1985,1219090.00,1127584.00,92.49
AT,1986,83879.00,67171.07,80.08
AU,1986,7741220.00,5841453.00,75.46
BE,1986,30400.89,20970.45,68.98
BG,1986,110990.00,93561.14,84.30
BR,1986,8515770.00,7653638.00,89.88
CA,1986,15640500.00,4082423.00,26.10
CH,1986,41290.70,27969.42,67.74
CN,1986,9600000.00,6940320.05,72.30
CY,1986,9250.00,3218.90,34.80
DE,1986,356970.00,290315.65,81.33
DK,1986,42920.00,33497.86,78.05
ES,1986,505990.00,463787.54,91.66
FI,1986,338150.00,245982.05,72.74
FR,1986,549086.00,460624.02,83.89
GB,1986,243610.00,209327.84,85.93
GR,1986,131960.00,128838.77,97.63
HU,1986,93030.00,81301.25,87.39
ID,1986,1910930.00,1457696.00,76.28
IE,1986,70280.00,54083.15,76.95
IN,1986,3287260.00,2491347.00,75.79
IT,1986,301340.00,241756.81,80.23
JP,1986,377800.00,301197.44,79.72
KR,1986,99260.00,82725.08,83.34
LU,1986,2590.00,2131.71,82.31
MT,1986,320.00,132.93,41.54
MX,1986,1964380.00,1728727.00,88.00
NL,1986,41530.00,23501.24,56.59
NO,1986,385178.00,131345.45,34.10
PL,1986,312690.00,280819.67,89.81
PT,1986,92120.00,73292.29,79.56
RO,1986,238390.00,211116.99,88.56
SE,1986,447420.11,312455.21,69.83
TR,1986,785350.00,598374.36,76.19
TW,1986,35960.00,8880.00,24.69
US,1986,9629090.00,7362873.00,76.46
WA,1986,7440790.96,5418491.00,72.82
WE,1986,134418.47,39509.60,29.39
WF,1986,24370125.00,14266450.00,58.54
WL,1986,10412724.00,7402418.00,71.09
WM,1986,6613347.90,2283342.00,34.53
ZA,1986,1219090.00,1129778.10,92.67
AT,1987,83879.00,67173.21,80.08
AU,1987,7741220.00,5857121.00,75.66
BE,1987,30409.37,20947.61,68.89
BG,1987,110990.00,93561.14,84.30
BR,1987,8515770.00,7652869.00,89.87
CA,1987,15640500.00,4082713.00,26.10
CH,1987,41290.70,27952.40,67.70
CN,1987,9600000.00,6964377.00,72.55
CY,1987,9250.00,3214.28,34.75
DE,1987,356970.00,290035.33,81.25
DK,1987,42920.00,33359.11,77.72
ES,1987,505990.00,463756.92,91.65
FI,1987,338150.00,245985.05,72.74
FR,1987,549086.00,460452.69,83.86
GB,1987,243610.00,209230.08,85.89
GR,1987,131960.00,128808.77,97.61
HU,1987,93030.00,81231.39,87.32
ID,1987,1910930.00,1459238.00,76.36
IE,1987,70280.00,53864.32,76.64
IN,1987,3287260.00,2492966.00,75.84
IT,1987,301340.00,241616.04,80.18
JP,1987,377800.00,301103.71,79.70
KR,1987,99260.00,82726.31,83.34
LU,1987,2590.00,2132.81,82.35
MT,1987,320.00,132.93,41.54
MX,1987,1964380.00,1727010.00,87.92
NL,1987,41530.00,23473.84,56.52
NO,1987,385178.00,131348.41,34.10
PL,1987,312690.00,280719.67,89.78
PT,1987,92120.00,73302.50,79.57
RO,1987,238390.00,211345.99,88.66
SE,1987,447420.11,312447.97,69.83
TR,1987,785350.00,601966.81,76.65
TW,1987,35960.00,8860.00,24.64
US,1987,9629090.00,7262248.00,75.42
WA,1987,7439566.11,5435776.00,73.07
WE,1987,134418.47,39509.61,29.39
WF,1987,24370125.00,14268440.00,58.55
WL,1987,10412724.00,7400738.00,71.07
WM,1987,6613347.90,2338215.00,35.36
ZA,1987,1219090.00,1131281.00,92.80
AT,1988,83879.00,67209.83,80.13
AU,1988,7741220.00,5863670.00,75.75
BE,1988,30417.84,20925.20,68.79
BG,1988,110990.00,93545.67,84.28
BR,1988,8515770.00,7652116.00,89.86
CA,1988,15640500.00,4083003.00,26.11
CH,1988,41290.70,27935.49,67.66
CN,1988,9600000.00,6990321.29,72.82
CY,1988,9250.00,3208.51,34.69
DE,1988,356970.00,289941.40,81.22
DK,1988,42920.00,33286.88,77.56
ES,1988,505990.00,463678.74,91.64
FI,1988,338150.00,245977.91,72.74
FR,1988,549086.00,458356.15,83.48
GB,1988,243610.00,211391.35,86.77
GR,1988,131960.00,128828.77,97.63
HU,1988,93030.00,81145.26,87.22
ID,1988,1910930.00,1459740.00,76.39
IE,1988,70280.00,53735.29,76.46
IN,1988,3287260.00,2490881.48,75.77
IT,1988,301340.00,240811.71,79.91
JP,1988,377800.00,301089.34,79.70
KR,1988,99260.00,82723.24,83.34
LU,1988,2590.00,2133.91,82.39
MT,1988,320.00,132.93,41.54
MX,1988,1964380.00,1726088.00,87.87
NL,1988,41530.00,23481.99,56.54
NO,1988,385178.00,131366.17,34.11
PL,1988,312690.00,280229.68,89.62
PT,1988,92120.00,73312.73,79.58
RO,1988,238390.00,211412.94,88.68
SE,1988,447420.11,312441.79,69.83
TR,1988,785350.00,601330.69,76.57
TW,1988,35960.00,8950.00,24.89
US,1988,9629090.00,7265352.00,75.45
WA,1988,7439691.26,5433732.00,73.04
WE,1988,134418.47,39530.36,29.41
WF,1988,24370125.00,14279220.00,58.59
WL,1988,10412724.00,7399763.00,71.06
WM,1988,6613347.90,2397138.00,36.25
ZA,1988,1219090.00,1132790.00,92.92
AT,1989,83879.00,67214.01,80.13
AU,1989,7741220.00,5832410.00,75.34
BE,1989,30426.32,20902.61,68.70
BG,1989,110990.00,93568.89,84.30
BR,1989,8515770.00,7651379.00,89.85
CA,1989,15640500.00,4083295.00,26.11
CH,1989,41290.70,27918.75,67.62
CN,1989,9600000.00,7019087.00,73.12
CY,1989,9250.00,3208.50,34.69
DE,1989,356970.00,289804.42,81.18
DK,1989,42920.00,33201.96,77.36
ES,1989,505990.00,464098.46,91.72
FI,1989,338150.00,245980.47,72.74
FR,1989,549086.00,458005.89,83.41
GB,1989,243610.00,210563.36,86.43
GR,1989,131960.00,128098.46,97.07
HU,1989,93030.00,81069.98,87.14
ID,1989,1910930.00,1459977.00,76.40
IE,1989,70280.00,52776.03,75.09
IN,1989,3287260.00,2492772.00,75.83
IT,1989,301340.00,240862.48,79.93
JP,1989,377800.00,301069.22,79.69
KR,1989,99260.00,82712.93,83.33
LU,1989,2590.00,2135.02,82.43
MT,1989,320.00,132.93,41.54
MX,1989,1964380.00,1723744.00,87.75
NL,1989,41530.00,23411.77,56.37
NO,1989,385178.00,131410.64,34.12
PL,1989,312690.00,280099.67,89.58
PT,1989,92120.00,73312.74,79.58
RO,1989,238390.00,209330.23,87.81
SE,1989,447420.11,312435.30,69.83
TR,1989,785350.00,603817.67,76.89
TW,1989,35960.00,8950.00,24.89
US,1989,9629090.00,7268460.00,75.48
WA,1989,7439806.41,5444712.00,73.18
WE,1989,134418.47,39506.18,29.39
WF,1989,24370125.00,14285910.00,58.62
WL,1989,10412724.00,7398307.00,71.05
WM,1989,6613347.90,2444558.00,36.96
ZA,1989,1219090.00,1135218.00,93.12
AT,1990,83879.00,67995.69,81.06
AU,1990,7741220.00,5983192.00,77.29
BE,1990,30434.79,20879.12,68.60
BG,1990,110990.00,94860.01,85.47
BR,1990,8515770.00,8237980.00,96.74
CA,1990,15640500.00,4096759.00,26.19
CH,1990,41290.70,27585.30,66.81
CN,1990,9600000.00,6637727.98,69.14
CY,1990,9250.00,3215.98,34.77
DE,1990,356970.00,293319.56,82.17
DK,1990,42920.00,33193.90,77.34
ES,1990,505990.00,443766.43,87.70
FI,1990,338150.00,242683.30,71.77
FR,1990,549086.00,450288.00,82.01
GB,1990,243610.00,209810.00,86.13
GR,1990,131960.00,125205.51,94.88
HU,1990,93030.00,82878.91,89.09
ID,1990,1910930.00,1636280.00,85.63
IE,1990,70280.00,49989.12,71.13
IN,1990,3287260.00,2453510.00,74.64
IT,1990,301340.00,244297.50,81.07
JP,1990,377800.00,307820.00,81.48
KR,1990,99260.00,87300.00,87.95
LU,1990,2590.00,2136.14,82.48
MT,1990,320.00,133.50,41.72
MX,1990,1964380.00,1763428.00,89.77
NL,1990,41530.00,23633.30,56.91
NO,1990,385178.00,131080.00,34.03
PL,1990,312690.00,276750.00,88.51
PT,1990,92120.00,74172.72,80.52
RO,1990,238390.00,211400.00,88.68
SE,1990,447420.11,314782.77,70.36
TR,1990,785350.00,594604.49,75.71
TW,1990,35960.00,8900.01,24.75
US,1990,9629090.00,7293980.00,75.75
WA,1990,7440591.56,5533257.00,74.37
WE,1990,134418.47,39244.80,29.20
WF,1990,24370125.00,14479580.00,59.42
WL,1990,10412724.00,7553495.00,72.54
WM,1990,6613347.90,2495017.00,37.73
ZA,1990,1219090.00,1137421.00,93.30
AT,1991,83879.00,68188.17,81.29
AU,1991,7741220.00,5964574.00,77.05
BE,1991,30443.26,20857.99,68.51
BG,1991,110990.00,94928.00,85.53
BR,1991,8515770.00,8185973.00,96.13
CA,1991,15640500.00,4097596.00,26.20
CH,1991,41290.70,27586.81,66.81
CN,1991,9600000.00,6714381.00,69.94
CY,1991,9250.00,3212.47,34.73
DE,1991,356970.00,284413.58,79.67
DK,1991,42920.00,33054.06,77.01
ES,1991,505990.00,445945.70,88.13
FI,1991,338150.00,243571.62,72.03
FR,1991,549086.00,450061.01,81.97
GB,1991,243610.00,209386.01,85.95
GR,1991,131960.00,124927.19,94.67
HU,1991,93030.00,82846.18,89.05
ID,1991,1910930.00,1583425.00,82.86
IE,1991,70280.00,49231.85,70.05
IN,1991,3287260.00,2458893.00,74.80
IT,1991,301340.00,237217.01,78.72
JP,1991,377800.00,307266.00,81.33
KR,1991,99260.00,87044.99,87.69
LU,1991,2590.00,2137.24,82.52
MT,1991,320.00,133.50,41.72
MX,1991,1964380.00,1767449.00,89.97
NL,1991,41530.00,23162.48,55.77
NO,1991,385178.00,131401.00,34.11
PL,1991,312690.00,276527.00,88.43
PT,1991,92120.00,73623.61,79.92
RO,1991,238390.00,211685.00,88.80
SE,1991,447420.11,314332.33,70.25
TR,1991,785350.00,598869.38,76.26
TW,1991,35960.00,8840.00,24.58
US,1991,9629090.00,7295066.00,75.76
WA,1991,7442076.70,5537514.00,74.41
WE,1991,134418.47,39298.06,29.24
WF,1991,24370125.00,14476870.00,59.40
WL,1991,10412714.00,7542494.00,72.44
WM,1991,6613347.90,2514285.00,38.02
ZA,1991,1219090.00,1141107.00,93.60
AT,1992,83879.00,68811.24,82.04
AU,1992,7741220.00,6000487.00,77.51
BE,1992,30451.74,20834.81,68.42
BG,1992,110990.00,95961.10,86.46
BR,1992,8515770.00,8143953.00,95.63
CA,1992,15640500.00,4101878.00,26.23
CH,1992,41290.70,28243.74,68.40
CN,1992,9600000.00,6789754.00,70.73
CY,1992,9250.00,3320.05,35.89
DE,1992,356970.00,292590.67,81.97
DK,1992,42920.00,33707.43,78.54
EE,1992,45230.00,37678.19,83.30
ES,1992,505990.00,450401.88,89.01
FI,1992,338150.00,244282.81,72.24
FR,1992,549086.00,456396.80,83.12
GB,1992,243610.00,215450.21,88.44
GR,1992,131960.00,126081.47,95.55
HR,1992,56540.00,42952.81,75.97
HU,1992,93030.00,81038.55,87.11
ID,1992,1910930.00,1571605.00,82.24
IE,1992,70280.00,49414.47,70.31
IN,1992,3287260.00,2465824.00,75.01
IT,1992,301340.00,242203.40,80.38
JP,1992,377800.00,315717.90,83.57
KR,1992,99260.00,87794.51,88.45
LT,1992,65300.00,58530.53,89.63
LU,1992,2590.00,2138.36,82.56
LV,1992,64594.00,59069.56,91.45
MT,1992,320.00,167.00,52.19
MX,1992,1964380.00,1771301.00,90.17
NL,1992,41530.00,24572.64,59.17
NO,1992,385178.00,132508.69,34.40
PL,1992,312690.00,279381.30,89.35
PT,1992,92120.00,73856.40,80.17
RO,1992,238390.00,214212.89,89.86
RU,1992,17098240.00,10320370.00,60.36
SE,1992,447420.11,315119.86,70.43
SI,1992,20270.00,17773.99,87.69
TR,1992,785350.00,600436.33,76.45
TW,1992,35960.00,9235.40,25.68
US,1992,9629090.00,7341290.00,76.24
WA,1992,11143179.00,8356744.00,74.99
WE,1992,1056258.47,829051.60,78.49
WF,1992,24370125.00,14499710.00,59.50
WL,1992,10412714.00,7539783.00,72.41
WM,1992,6613367.90,2535363.00,38.34
ZA,1992,1219090.00,1148010.00,94.17
AT,1993,83879.00,68753.51,81.97
AU,1993,7741220.00,5939504.00,76.73
BE,1993,30460.21,20808.69,68.31
BG,1993,110990.00,95694.81,86.22
BR,1993,8515770.00,8092252.00,95.03
CA,1993,15640500.00,4100875.00,26.22
CH,1993,41290.70,28258.71,68.44
CN,1993,9600000.00,6849553.00,71.35
CY,1993,9250.00,3325.44,35.95
CZ,1993,78870.00,70443.41,89.32
DE,1993,356990.00,295009.78,82.64
DK,1993,42920.00,33597.09,78.28
EE,1993,45230.00,37256.61,82.37
ES,1993,505990.00,451188.46,89.17
FI,1993,338150.00,244633.23,72.34
FR,1993,549086.00,456477.50,83.13
GB,1993,243610.00,210465.70,86.39
GR,1993,131960.00,126327.95,95.73
HR,1993,56540.00,41674.80,73.71
HU,1993,93030.00,81119.72,87.20
ID,1993,1910930.00,1561177.00,81.70
IE,1993,70280.00,49502.15,70.44
IN,1993,3287260.00,2470393.00,75.15
IT,1993,301340.00,242434.40,80.45
JP,1993,377800.00,315397.60,83.48
KR,1993,99260.00,87570.20,88.22
LT,1993,65300.00,58124.61,89.01
LU,1993,2590.00,2139.51,82.61
LV,1993,64594.00,59092.38,91.48
MT,1993,320.00,168.80,52.75
MX,1993,1964380.00,1769026.00,90.06
NL,1993,41530.00,24681.11,59.43
NO,1993,385178.00,132631.90,34.43
PL,1993,312690.00,279350.50,89.34
PT,1993,92120.00,74578.37,80.96
RO,1993,238390.00,214285.00,89.89
RU,1993,17098240.00,10292630.00,60.20
SE,1993,447420.11,315363.76,70.48
SI,1993,20270.00,17780.99,87.72
SK,1993,49030.00,44300.89,90.35
TR,1993,785350.00,600984.99,76.52
TW,1993,35960.00,9234.70,25.68
US,1993,9629090.00,7319492.00,76.01
WA,1993,11143199.00,8311097.00,74.58
WE,1993,1056328.47,828942.36,78.47
WF,1993,25592025.00,15083600.00,58.94
WL,1993,10412704.00,7531387.00,72.33
WM,1993,6613367.90,2612361.00,39.50
ZA,1993,1219090.00,1152349.00,94.53
AT,1994,83879.00,68787.59,82.01
AU,1994,7741220.00,6028043.00,77.87
BE,1994,30468.68,20794.60,68.25
BG,1994,110990.00,96144.21,86.62
BR,1994,8515770.00,8040512.00,94.42
CA,1994,15640500.00,4099868.00,26.21
CH,1994,41290.70,28276.62,68.48
CN,1994,9600000.00,6916306.00,72.04
CY,1994,9250.00,3185.94,34.44
CZ,1994,78870.00,70497.18,89.38
DE,1994,357000.00,296805.06,83.14
DK,1994,42920.00,33175.78,77.30
EE,1994,45230.00,35275.56,77.99
ES,1994,505990.00,455936.23,90.11
FI,1994,338150.00,245496.06,72.60
FR,1994,549086.00,456625.41,83.16
GB,1994,243610.00,209584.50,86.03
GR,1994,131960.00,126746.32,96.05
HR,1994,56540.00,42116.11,74.49
HU,1994,93030.00,81179.50,87.26
ID,1994,1910930.00,1543687.00,80.78
IE,1994,70280.00,49543.09,70.49
IN,1994,3287260.00,2473272.00,75.24
IT,1994,301340.00,241285.80,80.07
JP,1994,377800.00,314941.40,83.36
KR,1994,99260.00,87304.00,87.95
LT,1994,65300.00,56423.41,86.41
LU,1994,2590.00,2140.59,82.65
LV,1994,64594.00,59516.77,92.14
MT,1994,320.00,170.80,53.37
MX,1994,1964380.00,1767284.00,89.97
NL,1994,41530.00,24594.79,59.22
NO,1994,385178.00,132831.50,34.49
PL,1994,312690.00,279521.21,89.39
PT,1994,92120.00,74421.64,80.79
RO,1994,238390.00,214390.70,89.93
RU,1994,17098240.00,10282420.00,60.14
SE,1994,447420.11,315492.36,70.51
SI,1994,20270.00,17718.40,87.41
SK,1994,49030.00,44314.72,90.38
TR,1994,785350.00,603793.06,76.88
TW,1994,35960.00,9216.00,25.63
US,1994,9629090.00,7304393.00,75.86
WA,1994,11136276.00,8301258.00,74.54
WE,1994,1056328.47,829412.22,78.52
WF,1994,25592025.00,15107460.00,59.03
WL,1994,10412694.00,7519971.00,72.22
WM,1994,6613367.90,2688130.00,40.65
ZA,1994,1219090.00,1155340.00,94.77
AT,1995,83879.00,68743.45,81.96
AU,1995,7741220.00,5968565.00,77.10
BE,1995,30477.16,20765.20,68.13
BG,1995,110990.00,96264.80,86.73
BR,1995,8515770.00,7988843.00,93.81
CA,1995,15640500.00,4098855.00,26.21
CH,1995,41290.70,28295.47,68.53
CN,1995,9600000.00,6937008.83,72.26
CY,1995,9250.00,3195.84,34.55
CZ,1995,78870.00,70493.75,89.38
DE,1995,357020.00,297505.76,83.33
DK,1995,42920.00,33585.44,78.25
EE,1995,45230.00,34349.02,75.94
ES,1995,505990.00,454553.50,89.83
FI,1995,338150.00,244398.14,72.28
FR,1995,549086.00,457100.90,83.25
GB,1995,243610.00,209630.21,86.05
GR,1995,131960.00,127006.40,96.25
HR,1995,56540.00,42359.10,74.92
HU,1995,93030.00,81890.76,88.03
ID,1995,1910930.00,1536736.00,80.42
IE,1995,70280.00,49671.22,70.68
IN,1995,3287260.00,2473592.00,75.25
IT,1995,301340.00,238529.50,79.16
JP,1995,377800.00,314453.50,83.23
KR,1995,99260.00,86780.10,87.43
LT,1995,65300.00,59028.28,90.40
LU,1995,2590.00,2141.72,82.69
LV,1995,64594.00,53477.09,82.79
MT,1995,320.00,152.40,47.63
MX,1995,1964380.00,1765579.00,89.88
NL,1995,41530.00,24824.25,59.77
NO,1995,385178.00,133846.90,34.75
PL,1995,312690.00,278921.11,89.20
PT,1995,92120.00,74056.63,80.39
RO,1995,238390.00,214454.60,89.96
RU,1995,17098240.00,10269950.00,60.06
SE,1995,447420.11,314733.35,70.34
SI,1995,20270.00,17656.80,87.11
SK,1995,49030.00,44335.05,90.42
TR,1995,785350.00,597685.94,76.10
TW,1995,35960.00,9237.20,25.69
US,1995,9629090.00,7297408.00,75.79
WA,1995,11136286.00,8258075.00,74.15
WE,1995,1056338.47,830115.39,78.58
WF,1995,25592025.00,15131230.00,59.12
WL,1995,10412684.00,7508907.00,72.11
WM,1995,6613367.90,2761901.00,41.76
ZA,1995,1219090.00,1157591.00,94.96
AT,1996,83879.00,68752.52,81.97
AU,1996,7741220.00,5985050.00,77.31
BE,1996,30485.63,20730.37,68.00
BG,1996,110990.00,96337.80,86.80
BR,1996,8515770.00,7952375.00,93.38
CA,1996,15640500.00,4097829.00,26.20
CH,1996,41290.70,28323.79,68.60
CN,1996,9600000.00,6958090.00,72.48
CY,1996,9250.00,3209.15,34.69
CZ,1996,78870.00,70534.02,89.43
DE,1996,357030.00,297789.06,83.41
DK,1996,42920.00,33544.60,78.16
EE,1996,45230.00,34544.41,76.37
ES,1996,505990.00,462018.87,91.31
FI,1996,338150.00,244720.46,72.37
FR,1996,549086.00,457584.92,83.34
GB,1996,243610.00,211097.20,86.65
GR,1996,131960.00,127410.98,96.55
HR,1996,56610.00,38433.30,67.89
HU,1996,93030.00,82081.54,88.23
ID,1996,1910930.00,1519597.00,79.52
IE,1996,70280.00,49380.72,70.26
IN,1996,3287260.00,2473818.00,75.25
IT,1996,301340.00,239623.00,79.52
JP,1996,377800.00,313950.50,83.10
KR,1996,99260.00,86335.10,86.98
LT,1996,65300.00,59132.25,90.55
LU,1996,2590.00,2142.96,82.74
LV,1996,64594.00,54019.98,83.63
MT,1996,320.00,153.70,48.03
MX,1996,1964380.00,1764088.00,89.80
NL,1996,41530.00,24760.62,59.62
NO,1996,385178.00,133944.51,34.77
PL,1996,312690.00,277693.99,88.81
PT,1996,92120.00,72028.48,78.19
RO,1996,238390.00,214384.80,89.93
RU,1996,17098240.00,10267690.00,60.05
SE,1996,447420.11,315161.92,70.44
SI,1996,20270.00,17575.07,86.70
SK,1996,49030.00,44334.98,90.42
TR,1996,785350.00,596850.80,76.00
TW,1996,35960.00,9237.10,25.69
US,1996,9629090.00,7262072.00,75.42
WA,1996,11136296.00,8246145.00,74.05
WE,1996,1056338.47,830973.23,78.67
WF,1996,25592025.00,15123460.00,59.09
WL,1996,10412684.00,7500683.00,72.03
WM,1996,6613367.90,2834514.00,42.86
ZA,1996,1219090.00,1160991.00,95.23
AT,1997,83879.00,68755.89,81.97
AU,1997,7741220.00,5953131.00,76.90
BE,1997,30494.11,20752.40,68.05
BG,1997,110990.00,96810.09,87.22
BR,1997,8515770.00,7915891.00,92.96
CA,1997,15640500.00,4097709.00,26.20
CH,1997,41290.70,28360.37,68.68
CN,1997,9600000.00,6978697.00,72.69
CY,1997,9250.00,3211.45,34.72
CZ,1997,78870.00,70584.40,89.49
DE,1997,357030.00,298042.36,83.48
DK,1997,42920.00,33320.96,77.64
EE,1997,45230.00,34788.45,76.91
ES,1997,505990.00,464486.63,91.80
FI,1997,338150.00,244621.06,72.34
FR,1997,549086.00,458041.01,83.42
GB,1997,243610.00,212286.91,87.14
GR,1997,131960.00,125867.56,95.38
HR,1997,56610.00,38536.40,68.07
HU,1997,93030.00,82331.81,88.50
ID,1997,1910930.00,1502535.00,78.63
IE,1997,70280.00,49697.36,70.71
IN,1997,3287260.00,2481516.00,75.49
IT,1997,301340.00,240528.39,79.82
JP,1997,377800.00,313406.70,82.96
KR,1997,99260.00,86035.50,86.68
LT,1997,65300.00,59245.51,90.73
LU,1997,2590.00,2143.85,82.77
LV,1997,64594.00,53188.80,82.34
MT,1997,320.00,145.10,45.34
MX,1997,1964380.00,1761876.00,89.69
NL,1997,41530.00,24950.29,60.08
NO,1997,385178.00,133062.50,34.55
PL,1997,312690.00,277770.80,88.83
PT,1997,92120.00,70458.14,76.49
RO,1997,238390.00,214653.30,90.04
RU,1997,17098240.00,10287100.00,60.16
SE,1997,447420.11,314905.10,70.38
SI,1997,20270.00,17323.34,85.46
SK,1997,49030.00,44373.11,90.50
TR,1997,785350.00,596083.67,75.90
TW,1997,35960.00,9176.80,25.52
US,1997,9629090.00,7250623.00,75.30
WA,1997,11136296.00,8359836.00,75.07
WE,1997,1056328.47,831841.68,78.75
WF,1997,25592025.00,15127410.00,59.11
WL,1997,10481434.00,7491402.00,71.47
WM,1997,6613367.90,2898563.00,43.83
ZA,1997,1219090.00,1161232.00,95.25
AT,1998,83879.00,68807.86,82.03
AU,1998,7741220.00,5967651.00,77.09
BE,1998,30502.58,20676.94,67.79
BG,1998,110990.00,91324.10,82.28
BR,1998,8515770.00,7879423.00,92.53
CA,1998,15640500.00,4097601.00,26.20
CH,1998,41290.70,28398.27,68.78
CN,1998,9600000.00,6999343.00,72.91
CY,1998,9250.00,3244.13,35.07
CZ,1998,78870.00,70685.66,89.62
DE,1998,357030.00,298902.97,83.72
DK,1998,42920.00,33221.03,77.40
EE,1998,45230.00,35061.01,77.52
ES,1998,505990.00,466751.53,92.25
FI,1998,338150.00,245623.88,72.64
FR,1998,549086.00,458498.60,83.50
GB,1998,243610.00,211892.79,86.98
GR,1998,131960.00,124164.84,94.09
HR,1998,56540.00,39655.80,70.14
HU,1998,93030.00,82460.67,88.64
ID,1998,1910930.00,1486981.00,77.81
IE,1998,70280.00,50013.41,71.16
IN,1998,3287260.00,2484226.00,75.57
IT,1998,301340.00,242879.00,80.60
JP,1998,377800.00,312874.90,82.81
KR,1998,99260.00,85841.00,86.48
LT,1998,65300.00,59429.20,91.01
LU,1998,2590.00,2145.13,82.82
LV,1998,64594.00,53217.25,82.39
MT,1998,320.00,136.50,42.66
MX,1998,1964380.00,1760244.00,89.61
NL,1998,41530.00,24529.76,59.07
NO,1998,385178.00,133219.70,34.59
PL,1998,312690.00,277884.59,88.87
PT,1998,92120.00,71769.21,77.91
RO,1998,238390.00,214288.49,89.89
RU,1998,17098240.00,10280760.00,60.13
SE,1998,447420.11,314748.19,70.35
SI,1998,20270.00,17323.00,85.46
SK,1998,49030.00,44394.84,90.55
TR,1998,785350.00,603310.05,76.82
TW,1998,35960.00,9124.31,25.37
US,1998,9629090.00,7250255.00,75.30
WA,1998,11136296.00,8356301.00,75.04
WE,1998,1056328.47,830687.99,78.64
WF,1998,25592025.00,15126630.00,59.11
WL,1998,10454244.00,7488284.00,71.63
WM,1998,6613367.90,2989010.00,45.20
ZA,1998,1219090.00,1161352.00,95.26
AT,1999,83879.00,68860.13,82.09
AU,1999,7741220.00,5863811.00,75.75
BE,1999,30511.05,20625.87,67.60
BG,1999,110990.00,91757.30,82.67
BR,1999,8515770.00,7842965.00,92.10
CA,1999,15640500.00,4097496.00,26.20
CH,1999,41290.70,28437.01,68.87
CN,1999,9600000.00,7019976.00,73.12
CY,1999,9250.00,3257.02,35.21
CZ,1999,78870.00,70728.53,89.68
DE,1999,357030.00,297122.67,83.22
DK,1999,42920.00,32996.50,76.88
EE,1999,45230.00,34755.08,76.84
ES,1999,505990.00,468226.50,92.54
FI,1999,338150.00,246299.59,72.84
FR,1999,549086.00,459049.60,83.60
GB,1999,243610.00,209177.30,85.87
GR,1999,131960.00,123368.42,93.49
HR,1999,56540.00,39545.30,69.94
HU,1999,93030.00,82540.84,88.72
ID,1999,1910930.00,1479897.00,77.44
IE,1999,70280.00,50329.56,71.61
IN,1999,3287260.00,2489474.00,75.73
IT,1999,301340.00,246995.81,81.97
JP,1999,377800.00,312393.20,82.69
KR,1999,99260.00,85636.29,86.27
LT,1999,65300.00,60165.16,92.14
LU,1999,2590.00,2146.71,82.88
LV,1999,64594.00,52260.75,80.91
MT,1999,320.00,137.70,43.03
MX,1999,1964380.00,1757923.00,89.49
NL,1999,41530.00,25152.33,60.56
NO,1999,385178.00,133193.40,34.58
PL,1999,312690.00,278063.80,88.93
PT,1999,92120.00,73079.04,79.33
RO,1999,238390.00,214786.90,90.10
RU,1999,17098240.00,10276470.00,60.10
SE,1999,447420.11,314501.49,70.29
SI,1999,20270.00,17472.88,86.20
SK,1999,49030.00,44434.37,90.63
TR,1999,785350.00,607592.00,77.37
TW,1999,35960.00,9093.51,25.29
US,1999,9629090.00,7245594.00,75.25
WA,1999,11136296.00,8365913.00,75.12
WE,1999,1056328.47,829492.55,78.53
WF,1999,25592025.00,15145300.00,59.18
WL,1999,10454244.00,7477717.00,71.53
WM,1999,6613367.90,3051106.00,46.14
ZA,1999,1219090.00,1161737.00,95.30
AT,2000,83879.00,68814.60,82.04
AU,2000,7741220.00,5879625.00,75.95
BE,2000,30528.00,22164.41,72.60
BG,2000,110990.00,90877.10,81.88
BR,2000,8515770.00,7806521.00,91.67
CA,2000,15640500.00,4097398.00,26.20
CH,2000,41290.70,28474.76,68.96
CN,2000,9600000.00,7040678.00,73.34
CY,2000,9250.00,3243.35,35.06
CZ,2000,78870.00,70784.20,89.75
DE,2000,357030.00,296703.97,83.10
DK,2000,42920.00,33081.86,77.08
EE,2000,45230.00,34703.04,76.73
ES,2000,505000.00,471388.05,93.34
FI,2000,338150.00,247048.11,73.06
FR,2000,549087.00,458901.10,83.58
GB,2000,243610.00,206896.31,84.93
GR,2000,131960.00,122287.50,92.67
HR,2000,56540.00,30962.89,54.76
HU,2000,93030.00,79369.02,85.32
ID,2000,1910930.00,1467845.00,76.81
IE,2000,70280.00,50636.72,72.05
IN,2000,3287260.00,2492807.00,75.83
IT,2000,302069.00,246331.60,81.55
JP,2000,377800.00,311828.90,82.54
KR,2000,99260.00,85771.80,86.41
LT,2000,65300.00,59460.14,91.06
LU,2000,2590.00,2218.56,85.66
LV,2000,64594.00,52237.63,80.87
MT,2000,320.00,139.00,43.44
MX,2000,1964380.00,1755999.00,89.39
NL,2000,41530.00,25075.01,60.38
NO,2000,385178.00,133303.10,34.61
PL,2000,312690.00,278099.80,88.94
PT,2000,92120.00,73920.20,80.24
RO,2000,238390.00,215714.09,90.49
RU,2000,17098240.00,10280910.00,60.13
SE,2000,447420.11,312426.53,69.83
SI,2000,20270.00,17702.54,87.33
SK,2000,49030.00,44445.40,90.65
TR,2000,785350.00,609823.60,77.65
TW,2000,35960.00,9061.10,25.20
US,2000,9632030.00,7253148.00,75.30
WA,2000,11130610.00,8371917.00,75.22
WE,2000,1056328.47,829672.28,78.54
WF,2000,25592025.00,15154650.00,59.22
WL,2000,10454244.00,7457167.00,71.33
WM,2000,6613367.90,3044004.00,46.03
ZA,2000,1219090.00,1162101.00,95.33
AT,2001,83879.00,68705.86,81.91
AU,2001,7741220.00,5880193.00,75.96
BE,2001,30528.00,22342.77,73.19
BG,2001,110990.00,90419.00,81.47
BR,2001,8515770.00,7768754.00,91.23
CA,2001,15640500.00,4097630.00,26.20
CH,2001,41290.70,28548.19,69.14
CN,2001,9600000.20,7073475.00,73.68
CY,2001,9250.00,3247.93,35.11
CZ,2001,78870.00,70919.89,89.92
DE,2001,357030.00,297499.90,83.33
DK,2001,42920.00,33467.79,77.98
EE,2001,45230.00,31534.23,69.72
ES,2001,505020.00,470532.31,93.17
FI,2001,338150.00,246884.47,73.01
FR,2001,549087.00,459866.80,83.75
GB,2001,243610.00,207605.60,85.22
GR,2001,131960.00,121705.17,92.23
HR,2001,56540.00,31114.19,55.03
HU,2001,93030.00,79779.72,85.76
ID,2001,1910930.00,1474820.00,77.18
IE,2001,70280.00,50923.72,72.46
IN,2001,3287260.00,2491010.00,75.78
IT,2001,302069.00,245946.39,81.42
JP,2001,377880.00,311582.40,82.46
KR,2001,99540.00,85402.80,85.80
LT,2001,65300.00,49691.20,76.10
LU,2001,2590.00,2227.70,86.01
LV,2001,64594.00,48549.42,75.16
MT,2001,320.00,151.50,47.34
MX,2001,1964380.00,1755091.00,89.35
NL,2001,41530.00,25038.88,60.29
NO,2001,385178.00,133392.10,34.63
PL,2001,312690.00,272583.30,87.17
PT,2001,92120.00,72917.41,79.15
RO,2001,238390.00,215425.30,90.37
RU,2001,17098240.00,10284990.00,60.15
SE,2001,447420.11,313189.20,70.00
SI,2001,20270.00,17644.80,87.05
SK,2001,49030.00,42658.60,87.01
TR,2001,785350.00,615789.64,78.41
TW,2001,35960.00,9101.60,25.31
US,2001,9632030.00,7267226.00,75.45
WA,2001,11130626.00,8368670.00,75.19
WE,2001,1056328.47,829809.53,78.56
WF,2001,25592025.00,15150120.00,59.20
WL,2001,10454244.00,7411003.00,70.89
WM,2001,6613367.90,3054342.00,46.18
ZA,2001,1219090.00,1160851.00,95.22
AT,2002,83879.00,68746.02,81.96
AU,2002,7741220.00,5791187.00,74.81
BE,2002,30528.00,22670.84,74.26
BG,2002,110990.00,89072.60,80.25
BR,2002,8515770.00,7730905.00,90.78
CA,2002,15640500.00,4105323.00,26.25
CH,2002,41290.70,28680.43,69.46
CN,2002,9600000.20,7106800.00,74.03
CY,2002,9250.00,3265.16,35.30
CZ,2002,78870.00,64880.78,82.26
DE,2002,357040.00,298282.50,83.54
DK,2002,42920.00,33451.58,77.94
EE,2002,45230.00,29717.86,65.70
ES,2002,505320.00,471161.13,93.24
FI,2002,338150.00,246821.12,72.99
FR,2002,549087.00,460829.40,83.93
GB,2002,243610.00,208500.80,85.59
GR,2002,131960.00,121090.04,91.76
HR,2002,56540.00,31207.89,55.20
HU,2002,93030.00,80023.24,86.02
ID,2002,1910930.00,1479342.00,77.41
IE,2002,70280.00,50701.14,72.14
IN,2002,3287260.00,2494672.00,75.89
IT,2002,302069.00,244727.78,81.02
JP,2002,377890.00,311389.40,82.40
KR,2002,99590.00,85053.80,85.40
LT,2002,65300.00,49753.40,76.19
LU,2002,2590.00,2241.60,86.55
LV,2002,64594.00,48831.74,75.60
MT,2002,320.00,153.50,47.97
MX,2002,1964380.00,1753906.00,89.29
NL,2002,41530.00,25534.76,61.49
NO,2002,385178.00,133460.20,34.65
PL,2002,312690.00,264449.00,84.57
PT,2002,92120.00,73201.53,79.46
RO,2002,238390.00,216140.40,90.67
RU,2002,17098240.00,10289910.00,60.18
SE,2002,447420.11,314049.30,70.19
SI,2002,20270.00,17633.30,86.99
SK,2002,49030.00,42590.60,86.87
TR,2002,785350.00,619128.35,78.83
TW,2002,35960.00,9137.70,25.41
US,2002,9632030.00,7256223.00,75.33
WA,2002,11130682.00,8353123.00,75.05
WE,2002,1056328.47,832228.17,78.78
WF,2002,25592025.00,15140400.00,59.16
WL,2002,10454254.00,7401960.00,70.80
WM,2002,6613367.90,3063463.12,46.32
ZA,2002,1219090.00,1160846.00,95.22
AT,2003,83879.00,68795.78,82.02
AU,2003,7741220.00,5714074.00,73.81
BE,2003,30528.00,23014.91,75.39
BG,2003,110990.00,89458.50,80.60
BR,2003,8515770.00,7692847.00,90.34
CA,2003,15640500.00,4103661.00,26.24
CH,2003,41290.70,28829.61,69.82
CN,2003,9599999.70,7140367.00,74.38
CY,2003,9250.00,3420.59,36.98
CZ,2003,78870.00,65337.37,82.84
DE,2003,357040.00,300116.60,84.06
DK,2003,42920.00,33458.27,77.95
EE,2003,45230.00,31124.69,68.81
ES,2003,505370.00,470125.54,93.03
FI,2003,338150.00,246717.68,72.96
FR,2003,549387.00,462250.80,84.14
GB,2003,243610.00,208777.00,85.70
GR,2003,131960.00,120507.12,91.32
HR,2003,56594.00,31431.40,55.54
HU,2003,93030.00,80623.66,86.66
ID,2003,1910930.00,1482796.00,77.60
IE,2003,70280.00,50829.06,72.32
IN,2003,3287260.00,2494447.00,75.88
IT,2003,302069.00,242083.27,80.14
JP,2003,377900.00,311203.60,82.35
KR,2003,99600.00,84794.80,85.14
LT,2003,65300.00,46488.10,71.19
LU,2003,2590.00,2255.40,87.08
LV,2003,64594.00,48840.46,75.61
MT,2003,320.00,158.70,49.59
MX,2003,1964380.00,1752650.00,89.22
NL,2003,41530.00,25491.34,61.38
NO,2003,385178.00,133471.60,34.65
PL,2003,312690.00,257991.00,82.51
PT,2003,92120.00,72610.14,78.82
RO,2003,238390.00,216717.30,90.91
RU,2003,17098240.00,10293130.00,60.20
SE,2003,447420.11,313897.70,70.16
SI,2003,20270.00,17728.60,87.46
SK,2003,49030.00,42741.10,87.17
TR,2003,785350.00,614641.09,78.26
TW,2003,35960.00,9163.10,25.48
US,2003,9632030.00,7263207.00,75.41
WA,2003,11130704.00,8191805.00,73.60
WE,2003,1056328.47,834459.58,79.00
WF,2003,25592025.00,15161990.00,59.24
WL,2003,10454264.00,7387364.00,70.66
WM,2003,6613377.90,3066791.00,46.37
ZA,2003,1219090.00,1159659.00,95.12
AT,2004,83879.00,68856.64,82.09
AU,2004,7741220.00,5265983.00,68.03
BE,2004,30528.00,23243.08,76.14
BG,2004,111000.00,89874.40,80.97
BR,2004,8515770.00,7655026.00,89.89
CA,2004,15640500.00,4101971.00,26.23
CH,2004,41290.70,28970.02,70.16
CN,2004,9600000.50,7174361.00,74.73
CY,2004,9250.00,3456.32,37.37
CZ,2004,78870.00,65332.66,82.84
DE,2004,357050.00,301886.10,84.55
DK,2004,42920.00,33408.76,77.84
EE,2004,45230.00,30642.22,67.75
ES,2004,505370.00,470921.34,93.18
FI,2004,338150.00,246584.04,72.92
FR,2004,549087.00,463862.99,84.48
GB,2004,243610.00,210233.90,86.30
GR,2004,131960.00,119112.49,90.26
HR,2004,56590.00,31308.67,55.33
HU,2004,93030.00,81128.58,87.21
ID,2004,1910930.00,1482231.00,77.57
IE,2004,70280.00,50338.68,71.63
IN,2004,3287260.00,2498618.00,76.01
IT,2004,302069.00,242856.36,80.40
JP,2004,377910.00,311053.20,82.31
KR,2004,99620.00,84615.80,84.94
LT,2004,65300.00,47295.00,72.43
LU,2004,2590.00,2268.80,87.60
LV,2004,64594.00,49579.28,76.76
MT,2004,320.00,155.30,48.53
MX,2004,1964380.00,1751546.00,89.17
NL,2004,41530.00,26034.52,62.69
NO,2004,385178.00,133507.10,34.66
PL,2004,312690.00,260499.40,83.31
PT,2004,92120.00,73214.76,79.48
RO,2004,238390.00,210935.00,88.48
RU,2004,17098240.00,10297170.00,60.22
SE,2004,447420.11,314086.80,70.20
SI,2004,20270.00,17599.30,86.82
SK,2004,49030.00,39888.90,81.36
TR,2004,785350.00,621311.53,79.11
TW,2004,35960.00,9124.30,25.37
US,2004,9632030.00,7269629.00,75.47
WA,2004,11129028.00,8178841.00,73.49
WE,2004,1056338.47,837185.48,79.25
WF,2004,25628059.16,15160690.00,59.16
WL,2004,10454274.00,7385932.00,70.65
WM,2004,6613387.90,3073996.00,46.48
ZA,2004,1219090.00,1156195.00,94.84
AT,2005,83879.00,68779.50,82.00
AU,2005,7741220.00,5417240.00,69.98
BE,2005,30528.00,23186.25,75.95
BG,2005,111000.00,89607.10,80.73
BR,2005,8515770.00,7617076.00,89.45
CA,2005,15640500.00,4100142.00,26.21
CH,2005,41290.70,28985.54,70.20
CN,2005,9599999.80,7207726.14,75.08
CY,2005,9250.00,3585.55,38.76
CZ,2005,78870.00,65096.15,82.54
DE,2005,357090.00,302151.50,84.61
DK,2005,42920.00,34070.75,79.38
EE,2005,45230.00,31874.55,70.47
ES,2005,505370.00,473511.74,93.70
FI,2005,338150.00,246588.70,72.92
FR,2005,549087.00,464507.90,84.60
GB,2005,243610.00,209410.10,85.96
GR,2005,131960.00,118693.56,89.95
HR,2005,56590.00,31701.17,56.02
HU,2005,93030.00,81245.70,87.33
ID,2005,1910930.00,1482819.00,77.60
IE,2005,70280.00,50399.80,71.71
IN,2005,3287260.00,2498800.00,76.01
IT,2005,302069.00,242375.25,80.24
JP,2005,377910.00,311418.90,82.41
KR,2005,99650.00,84408.70,84.71
LT,2005,65300.00,49820.60,76.29
LU,2005,2590.00,2280.80,88.06
LV,2005,64594.00,50646.50,78.41
MT,2005,320.00,149.80,46.81
MX,2005,1964380.00,1750355.00,89.10
NL,2005,41540.00,25939.90,62.45
NO,2005,385178.00,133543.60,34.67
PL,2005,312690.00,256574.60,82.05
PT,2005,92090.00,72808.88,79.06
RO,2005,238390.00,211637.90,88.78
RU,2005,17098240.00,10300610.00,60.24
SE,2005,447420.11,314529.10,70.30
SI,2005,20270.00,17785.60,87.74
SK,2005,49030.00,39976.20,81.53
TR,2005,785350.00,622532.76,79.27
TW,2005,35960.00,9141.40,25.42
US,2005,9632030.00,7277250.00,75.55
WA,2005,11130926.00,8176223.00,73.46
WE,2005,1056338.47,835949.48,79.14
WF,2005,25628058.20,15204520.00,59.33
WL,2005,10454274.00,7382353.00,70.62
WM,2005,6613397.90,2908098.00,43.97
ZA,2005,1219090.00,1154763.00,94.72
AT,2006,83879.00,68674.86,81.87
AU,2006,7741220.00,5405843.00,69.83
BE,2006,30528.00,23182.32,75.94
BG,2006,111000.00,89240.60,80.40
BR,2006,8515770.00,7579124.00,89.00
CA,2006,15640500.00,4089063.00,26.14
CH,2006,41290.70,28999.13,70.23
CN,2006,9600000.00,7241206.00,75.43
CY,2006,9250.00,3494.88,37.78
CZ,2006,78870.00,64723.04,82.06
DE,2006,357100.00,301381.50,84.40
DK,2006,42920.00,34131.74,79.52
EE,2006,45230.00,32143.28,71.07
ES,2006,505370.00,469617.57,92.93
FI,2006,338440.00,246655.16,72.88
FR,2006,549087.00,465005.70,84.69
GB,2006,243610.00,218355.50,89.63
GR,2006,131960.00,117597.24,89.12
HR,2006,56590.00,31930.76,56.42
HU,2006,93030.00,80832.52,86.89
ID,2006,1910930.00,1492398.00,78.10
IE,2006,70280.00,50073.12,71.25
IN,2006,3287260.00,2499232.00,76.03
IT,2006,302069.00,237920.14,78.76
JP,2006,377920.00,311571.70,82.44
KR,2006,99680.00,84111.60,84.38
LT,2006,65300.00,49522.00,75.84
LU,2006,2590.00,2282.80,88.14
LV,2006,64594.00,51992.52,80.49
MT,2006,320.00,150.70,47.09
MX,2006,1964380.00,1749145.00,89.04
NL,2006,41540.00,25780.68,62.06
NO,2006,385178.00,133580.80,34.68
PL,2006,312680.00,257366.90,82.31
PT,2006,92090.00,72180.69,78.38
RO,2006,238390.00,210426.80,88.27
RU,2006,17098240.00,10304900.00,60.27
SE,2006,447420.11,313949.20,70.17
SI,2006,20270.00,17620.70,86.93
SK,2006,49030.00,39973.60,81.53
TR,2006,785350.00,616288.08,78.47
TW,2006,35960.00,9157.60,25.47
US,2006,9632030.00,7284915.00,75.63
WA,2006,11130931.60,8180469.00,73.49
WE,2006,1158508.47,911550.07,78.68
WF,2006,25628027.95,15198330.00,59.30
WL,2006,10454274.00,7364208.00,70.44
WM,2006,6613397.90,2915350.00,44.08
ZA,2006,1219090.00,1148597.00,94.22
AT,2007,83879.00,68574.42,81.75
AU,2007,7741220.00,5294231.00,68.39
BE,2007,30528.00,23076.19,75.59
BG,2007,111000.00,88892.70,80.08
BR,2007,8515770.00,7547208.00,88.63
CA,2007,15640500.00,4082907.00,26.10
CH,2007,41290.70,29013.36,70.27
CN,2007,9600000.00,7274759.00,75.78
CY,2007,9250.00,3404.11,36.80
CZ,2007,78870.00,65053.83,82.48
DE,2007,357100.00,301501.10,84.43
DK,2007,42920.00,33687.63,78.49
EE,2007,45230.00,32413.51,71.66
ES,2007,505370.00,465162.77,92.04
FI,2007,338420.00,246393.02,72.81
FR,2007,549087.00,465214.41,84.73
GB,2007,243610.00,216568.00,88.90
GR,2007,131960.00,116828.41,88.53
HR,2007,56590.00,23985.18,42.38
HU,2007,93030.00,80939.34,87.00
ID,2007,1910930.00,1500950.00,78.55
IE,2007,70280.00,50326.54,71.61
IN,2007,3287260.00,2499039.00,76.02
IT,2007,302069.00,238445.43,78.94
JP,2007,377930.00,312301.60,82.63
KR,2007,99720.00,83876.40,84.11
LT,2007,65300.00,48736.50,74.63
LU,2007,2590.00,2304.90,88.99
LV,2007,64594.00,51967.74,80.45
MT,2007,320.00,151.10,47.22
MX,2007,1964380.00,1749230.00,89.05
NL,2007,41540.00,25747.16,61.98
NO,2007,385178.00,133596.80,34.68
PL,2007,312680.00,252768.90,80.84
PT,2007,92090.00,71254.01,77.37
RO,2007,238390.00,206549.00,86.64
RU,2007,17098240.00,10310880.00,60.30
SE,2007,447420.11,313583.90,70.09
SI,2007,20270.00,17486.94,86.27
SK,2007,49030.00,39901.00,81.38
TR,2007,785350.00,607468.61,77.35
TW,2007,35960.00,9160.50,25.47
US,2007,9632030.00,7290257.00,75.69
WA,2007,11130933.20,8175460.00,73.45
WE,2007,1158581.36,910652.29,78.60
WF,2007,25627995.78,15203080.00,59.32
WL,2007,10454284.00,7352965.00,70.33
WM,2007,6613407.90,2920726.00,44.16
ZA,2007,1219090.00,1148407.00,94.20
AT,2008,83879.00,68418.78,81.57
AU,2008,7741220.00,5201348.00,67.19
BE,2008,30528.00,23086.56,75.62
BG,2008,111000.00,89129.00,80.30
BR,2008,8515770.00,7515228.00,88.25
CA,2008,15640500.00,4076784.00,26.07
CH,2008,41290.70,29027.50,70.30
CN,2008,9600000.00,7308478.00,76.13
CY,2008,9250.00,3095.94,33.47
CZ,2008,78870.00,64853.82,82.23
DE,2008,357110.00,301391.14,84.40
DK,2008,42920.00,33762.22,78.66
EE,2008,45230.00,32438.04,71.72
ES,2008,505370.00,468124.78,92.63
FI,2008,338420.00,246204.58,72.75
FR,2008,549087.00,465548.70,84.79
GB,2008,243610.00,217079.11,89.11
GR,2008,131960.00,116192.88,88.05
HR,2008,56590.00,24885.92,43.98
HU,2008,93030.00,80920.06,86.98
ID,2008,1910930.00,1502492.00,78.63
IE,2008,70280.00,53953.26,76.77
IN,2008,3287260.00,2502944.00,76.14
IT,2008,302069.00,242247.12,80.20
JP,2008,377940.00,312663.30,82.73
KR,2008,99830.00,83619.50,83.76
LT,2008,65300.00,48659.60,74.52
LU,2008,2590.00,2307.00,89.07
LV,2008,64594.00,51961.46,80.44
MT,2008,320.00,151.50,47.34
MX,2008,1964380.00,1714537.00,87.28
NL,2008,41540.00,25924.34,62.41
NO,2008,385178.00,133590.30,34.68
PL,2008,312680.00,254416.60,81.37
PT,2008,92090.00,71925.72,78.10
RO,2008,238390.00,206821.40,86.76
RU,2008,17098240.00,10317656.38,60.34
SE,2008,447420.11,313056.80,69.97
SI,2008,20270.00,18709.17,92.30
SK,2008,49035.00,39998.10,81.57
TR,2008,785350.00,604687.24,77.00
TW,2008,35960.00,9168.80,25.50
US,2008,9831510.00,7297127.00,74.22
WA,2008,11130777.20,8165339.00,73.36
WE,2008,1158581.36,912598.78,78.77
WF,2008,25628012.48,15200530.00,59.31
WL,2008,10454304.00,7311678.00,69.94
WM,2008,6613417.90,2898024.00,43.82
ZA,2008,1219090.00,1150350.00,94.36
AT,2009,83879.00,68301.74,81.43
AU,2009,7741220.00,5148850.00,66.51
BE,2009,30528.00,23092.83,75.64
BG,2009,111000.00,88805.10,80.00
BR,2009,8515770.00,7483241.00,87.88
CA,2009,15640500.00,4070602.00,26.03
CH,2009,41290.70,29033.15,70.31
CN,2009,9600000.50,7341737.00,76.48
CY,2009,9250.00,3224.37,34.86
CZ,2009,78870.00,64617.21,81.93
DE,2009,357120.00,301095.40,84.31
DK,2009,42920.00,33442.81,77.92
EE,2009,45230.00,32788.07,72.49
ES,2009,505370.00,467994.69,92.60
FI,2009,338420.00,246002.44,72.69
FR,2009,549087.00,465869.90,84.84
GB,2009,243610.00,213601.90,87.68
GR,2009,131960.00,115548.16,87.56
HR,2009,56590.00,25019.06,44.21
HU,2009,93030.00,80976.08,87.04
ID,2009,1910930.00,1508048.00,78.92
IE,2009,70280.00,53693.48,76.40
IN,2009,3287260.00,2508565.00,76.31
IT,2009,302069.00,238310.71,78.89
JP,2009,377947.00,313328.70,82.90
KR,2009,99900.00,83380.90,83.46
LT,2009,65300.00,48984.40,75.01
LU,2009,2590.00,2306.00,89.03
LV,2009,64594.00,52174.18,80.77
MT,2009,320.00,151.90,47.47
MX,2009,1964380.00,1706564.00,86.88
NL,2009,41540.00,25820.82,62.16
NO,2009,385178.00,133495.90,34.66
PL,2009,312680.00,254871.10,81.51
PT,2009,92210.00,71640.81,77.69
RO,2009,238390.00,206902.30,86.79
RU,2009,17098240.00,10323700.00,60.38
SE,2009,447420.11,312885.80,69.93
SI,2009,20270.00,19008.60,93.78
SK,2009,49040.00,39944.90,81.45
TR,2009,785350.00,603639.66,76.86
TW,2009,35960.00,9143.20,25.43
US,2009,9831510.00,7303980.00,74.29
WA,2009,11130776.50,8161601.00,73.32
WE,2009,1158581.36,912232.49,78.74
WF,2009,25628024.80,15218590.00,59.38
WL,2009,10454304.00,7270059.00,69.54
WM,2009,6610877.90,2896037.00,43.81
ZA,2009,1219090.00,1148904.44,94.24
AT,2010,83879.00,68170.40,81.27
AU,2010,7741220.00,5067810.00,65.47
BE,2010,30528.00,23036.90,75.46
BG,2010,111000.00,89412.10,80.55
BR,2010,8515770.00,7451254.00,87.50
CA,2010,15640500.00,4064413.00,25.99
CH,2010,41290.70,29039.41,70.33
CN,2010,9600000.70,7361643.00,76.68
CY,2010,9250.00,3102.00,33.54
CZ,2010,78870.00,64419.00,81.68
DE,2010,357130.00,299298.20,83.81
DK,2010,42920.00,33382.30,77.78
EE,2010,45230.00,33057.70,73.09
ES,2010,505600.00,465328.11,92.03
FI,2010,338420.00,245752.90,72.62
FR,2010,549087.00,466154.00,84.90
GB,2010,243610.00,212704.00,87.31
GR,2010,131960.00,115164.43,87.27
HR,2010,56590.00,25389.11,44.87
HU,2010,93030.00,76702.30,82.45
ID,2010,1910930.00,1506599.00,78.84
IE,2010,70280.00,53525.10,76.16
IN,2010,3287260.00,2506115.00,76.24
IT,2010,302069.00,242557.80,80.30
JP,2010,377950.00,314064.40,83.10
KR,2010,100030.00,83171.40,83.15
LT,2010,65300.00,49971.90,76.53
LU,2010,2590.00,2311.40,89.24
LV,2010,64594.00,52026.70,80.54
MT,2010,320.00,162.40,50.75
MX,2010,1964380.00,1696580.00,86.37
NL,2010,41540.00,25385.90,61.11
NO,2010,385178.00,133420.60,34.64
PL,2010,312680.00,243446.50,77.86
PT,2010,92210.00,71245.82,77.26
RO,2010,238390.00,212475.10,89.13
RU,2010,17098250.00,10329740.00,60.41
SE,2010,447420.11,312866.20,69.93
SI,2010,20270.00,18791.69,92.71
SK,2010,49037.00,40108.50,81.79
TR,2010,785350.00,605700.99,77.12
TW,2010,35960.00,9172.31,25.51
US,2010,9831510.00,7310783.00,74.36
WA,2010,11130681.70,8217156.00,73.82
WE,2010,1158581.36,913966.45,78.89
WF,2010,25628019.48,15238660.00,59.46
WL,2010,10454296.00,7271117.00,69.55
WM,2010,6610879.90,2899731.00,43.86
ZA,2010,1219090.00,1147673.00,94.14
AT,2011,83879.00,67988.98,81.06
AU,2011,7741220.00,5272466.00,68.11
BE,2011,30528.00,22836.66,74.81
BG,2011,111000.00,89990.40,81.07
BR,2011,8515770.00,7443377.00,87.41
CA,2011,15640500.00,4058246.00,25.95
CH,2011,41290.70,29041.40,70.33
CN,2011,9600000.90,7377120.00,76.84
CY,2011,9250.00,3127.14,33.81
CZ,2011,78870.00,64243.32,81.45
DE,2011,357140.00,299515.90,83.87
DK,2011,42920.00,34101.48,79.45
EE,2011,45230.00,33201.98,73.41
ES,2011,505600.00,460158.57,91.01
FI,2011,338420.00,246033.90,72.70
FR,2011,549087.00,466592.69,84.98
GB,2011,243610.00,212302.50,87.15
GR,2011,131960.00,114259.43,86.59
HR,2011,56590.00,25321.13,44.74
HU,2011,93030.00,76671.86,82.42
ID,2011,1910930.00,1507526.00,78.89
IE,2011,70280.00,53464.28,76.07
IN,2011,3287260.00,2510388.00,76.37
IT,2011,302069.00,238471.88,78.95
JP,2011,377955.00,314273.60,83.15
KR,2011,100030.00,83004.80,82.98
LT,2011,65300.00,50346.90,77.10
LU,2011,2590.00,2313.70,89.33
LV,2011,64594.00,52176.74,80.78
MT,2011,320.00,162.60,50.81
MX,2011,1964380.00,1690702.00,86.07
NL,2011,41540.00,25231.30,60.74
NO,2011,385178.00,133447.80,34.65
PL,2011,312680.00,246932.70,78.97
PT,2011,92210.00,71367.80,77.40
RO,2011,238390.00,211586.22,88.76
RU,2011,17098250.00,10329510.00,60.41
SE,2011,447420.11,312430.20,69.83
SI,2011,20270.00,18761.68,92.56
SK,2011,49036.00,39966.48,81.50
TR,2011,785350.00,599280.43,76.31
TW,2011,35960.00,9170.80,25.50
US,2011,9831510.00,7315007.00,74.40
WA,2011,11130686.90,8217993.00,73.83
WE,2011,1158581.36,914496.81,78.93
WF,2011,26275148.02,15606410.00,59.40
WL,2011,10455096.00,7241507.00,69.26
WM,2011,6610884.90,2900497.00,43.87
ZA,2011,1219090.00,1142242.00,93.70
AT,2012,83879.00,67810.46,80.84
AU,2012,7741220.00,5189149.00,67.03
BE,2012,30528.00,22799.92,74.69
BG,2012,111000.00,90562.20,81.59
BR,2012,8515770.00,7435632.00,87.32
CA,2012,15640500.00,4058605.00,25.95
CH,2012,41290.70,29043.84,70.34
CN,2012,9600000.90,7392831.00,77.01
CY,2012,9250.00,3140.68,33.95
CZ,2012,78870.00,64490.24,81.77
DE,2012,357170.00,299031.60,83.72
DK,2012,42920.00,33521.16,78.10
EE,2012,45230.00,33473.36,74.01
ES,2012,505940.00,459609.36,90.84
FI,2012,338420.00,246353.00,72.80
FR,2012,549087.00,467208.10,85.09
GB,2012,243610.00,212690.71,87.31
GR,2012,131960.00,113157.03,85.75
HR,2012,56590.00,25380.85,44.85
HU,2012,93030.00,76719.32,82.47
ID,2012,1910930.00,1498510.00,78.42
IE,2012,70280.00,53313.76,75.86
IN,2012,3287260.00,2513734.00,76.47
IT,2012,302069.00,237915.36,78.76
JP,2012,377960.00,314629.90,83.24
KR,2012,100150.00,83336.40,83.21
LT,2012,65300.00,50750.10,77.72
LU,2012,2590.00,2315.20,89.39
LV,2012,64594.00,52467.18,81.23
MT,2012,320.00,162.70,50.84
MX,2012,1964380.00,1681677.00,85.61
NL,2012,41540.00,25052.50,60.31
NO,2012,385178.00,133529.50,34.67
PL,2012,312680.00,244633.80,78.24
PT,2012,92210.00,71697.38,77.75
RO,2012,238390.00,209968.55,88.08
RU,2012,17098250.00,10329520.00,60.41
SE,2012,447420.11,312081.70,69.75
SI,2012,20270.00,18676.06,92.14
SK,2012,49036.00,39953.36,81.48
TR,2012,785350.00,602137.19,76.67
TW,2012,35960.00,9180.20,25.53
US,2012,9831510.00,7344806.00,74.71
WA,2012,11130682.90,8216754.00,73.82
WE,2012,1158581.36,915346.60,79.01
WF,2012,26275141.65,15622290.00,59.46
WL,2012,10455114.00,7229349.00,69.15
WM,2012,6610887.90,2901462.00,43.89
ZA,2012,1219090.00,1141677.00,93.65
AT,2013,83879.00,67659.54,80.66
AU,2013,7741220.00,5043292.00,65.15
BE,2013,30528.00,22866.27,74.90
BG,2013,111000.00,89510.70,80.64
BR,2013,8515770.00,7428145.00,87.23
CA,2013,15640500.00,4058952.00,25.95
CH,2013,41290.70,29046.07,70.35
CN,2013,9600001.30,7410082.00,77.19
CY,2013,9250.00,3069.75,33.19
CZ,2013,78870.00,64463.56,81.73
DE,2013,357340.00,299387.50,83.78
DK,2013,42920.00,33639.34,78.38
EE,2013,45340.00,33735.94,74.41
ES,2013,505940.00,457765.74,90.48
FI,2013,338420.00,246421.30,72.82
FR,2013,549087.00,467450.91,85.13
GB,2013,243610.00,213569.00,87.67
GR,2013,131960.00,111900.53,84.80
HR,2013,88073.00,35517.40,40.33
HU,2013,93030.00,75939.48,81.63
ID,2013,1910930.00,1494754.00,78.22
IE,2013,70280.00,52822.54,75.16
IN,2013,3287260.00,2518253.00,76.61
IT,2013,302069.00,237637.24,78.67
JP,2013,377962.00,315200.90,83.39
KR,2013,100266.00,83343.50,83.12
LT,2013,65300.00,51278.70,78.53
LU,2013,2590.00,2309.80,89.18
LV,2013,64594.00,52867.02,81.85
MT,2013,320.00,162.20,50.69
MX,2013,1964380.00,1670661.00,85.05
NL,2013,41540.00,25095.50,60.41
NO,2013,625217.11,133566.72,21.36
PL,2013,312680.00,243629.40,77.92
PT,2013,92225.20,72261.81,78.35
RO,2013,238400.00,212640.06,89.19
RU,2013,17098250.00,10329310.00,60.41
SE,2013,528447.52,311947.91,59.03
SI,2013,20675.00,18888.07,91.36
SK,2013,49036.00,39621.24,80.80
TR,2013,785350.00,603633.03,76.86
TW,2013,35960.00,9255.90,25.74
US,2013,9831510.00,7355468.00,74.82
WA,2013,11130289.30,8219527.00,73.85
WE,2013,1158581.36,914635.70,78.94
WF,2013,26275119.51,15630450.00,59.49
WL,2013,10459351.00,7221797.00,69.05
WM,2013,6610699.90,2902938.00,43.91
ZA,2013,1219090.00,1141670.00,93.65
AT,2014,83879.00,67674.92,80.68
AU,2014,7741220.00,5076939.00,65.58
BE,2014,30528.00,22813.73,74.73
BG,2014,111000.00,89579.10,80.70
BR,2014,8515770.00,7420480.00,87.14
CA,2014,15640500.00,4059305.00,25.95
CH,2014,41290.70,29048.31,70.35
CN,2014,9600006.30,7426665.82,77.36
CY,2014,9251.00,3080.04,33.29
CZ,2014,78870.00,64436.18,81.70
DE,2014,357380.00,299675.60,83.85
DK,2014,42920.00,33965.53,79.14
EE,2014,45340.00,33997.72,74.98
ES,2014,505940.00,456472.63,90.22
FI,2014,338420.00,246841.50,72.94
FR,2014,549087.00,468370.10,85.30
GB,2014,243610.00,213584.30,87.67
GR,2014,131960.00,102431.63,77.62
HR,2014,88073.00,34983.40,39.72
HU,2014,93030.00,76040.54,81.74
ID,2014,1910931.00,1489123.00,77.93
IE,2014,70280.00,52781.62,75.10
IN,2014,3287260.00,2522388.00,76.73
IT,2014,302069.00,233715.32,77.37
JP,2014,377962.00,315620.40,83.51
KR,2014,100280.00,83260.50,83.03
LT,2014,65286.00,51924.90,79.53
LU,2014,2590.00,2310.90,89.22
LV,2014,64594.00,52856.66,81.83
MT,2014,320.00,162.50,50.78
MX,2014,1964375.00,1662427.00,84.63
NL,2014,41540.00,24994.90,60.17
NO,2014,625222.00,133667.70,21.38
PL,2014,312680.00,243954.90,78.02
PT,2014,92225.60,72086.28,78.16
RO,2014,238400.00,212916.78,89.31
RU,2014,17098250.00,10329200.00,60.41
SE,2014,528447.52,311604.01,58.97
SI,2014,20675.00,18935.13,91.58
SK,2014,49030.00,39589.32,80.75
TR,2014,785350.00,606345.06,77.21
TW,2014,35960.00,9336.90,25.96
US,2014,9831510.00,7365868.00,74.92
WA,2014,11128562.30,8219042.00,73.86
WE,2014,1158581.36,912881.05,78.79
WF,2014,26275106.01,15619440.00,59.45
WL,2014,10459251.00,7169214.00,68.54
WM,2014,6610580.90,2905774.00,43.96
ZA,2014,1219090.00,1141502.00,93.64
AT,2015,83879.00,67754.70,80.78
AU,2015,7741220.00,4821055.00,62.28
BE,2015,30528.00,22780.08,74.62
BG,2015,111000.00,90163.00,81.23
BR,2015,8515770.00,7412526.00,87.04
CA,2015,15640500.00,4059646.00,25.96
CH,2015,41290.70,29050.35,70.36
CN,2015,9600007.40,7441221.00,77.51
CY,2015,9251.00,3263.22,35.27
CZ,2015,78870.00,64239.20,81.45
DE,2015,357410.00,299750.90,83.87
DK,2015,42920.00,33856.29,78.88
EE,2015,45340.00,34359.00,75.78
ES,2015,505924.00,456635.49,90.26
FI,2015,338446.00,247238.50,73.05
FR,2015,549087.00,468900.20,85.40
GB,2015,243610.00,212841.30,87.37
GR,2015,131960.00,102454.83,77.64
HR,2015,88073.00,35295.00,40.07
HU,2015,93030.00,76070.60,81.77
ID,2015,1913580.00,1482175.00,77.46
IE,2015,70280.00,52490.40,74.69
IN,2015,3287260.00,2525231.00,76.82
IT,2015,302069.00,232241.29,76.88
JP,2015,377971.00,315810.80,83.55
KR,2015,100295.00,83145.70,82.90
LT,2015,65286.00,52495.90,80.41
LU,2015,2590.00,2313.70,89.33
LV,2015,64594.00,53021.00,82.08
MT,2015,320.00,162.60,50.81
MX,2015,1964375.00,1660760.00,84.54
NL,2015,41540.00,25047.40,60.30
NO,2015,625184.78,133761.96,21.40
PL,2015,312680.00,243610.10,77.91
PT,2015,92225.60,72014.34,78.08
RO,2015,238400.00,214128.70,89.82
RU,2015,17098250.00,10328950.00,60.41
SE,2015,528449.29,311503.80,58.95
SI,2015,20675.00,18949.60,91.65
SK,2015,49030.00,39589.50,80.75
TR,2015,785350.00,607607.60,77.37
TW,2015,35960.00,9367.50,26.05
US,2015,9831510.00,7375258.00,75.02
WA,2015,11133337.40,8225324.00,73.88
WE,2015,1158581.36,912923.85,78.80
WF,2015,26275160.60,15618420.00,59.44
WL,2015,10459271.00,7156832.00,68.43
WM,2015,6610587.90,2904698.00,43.94
ZA,2015,1219090.00,1141241.00,93.61
AT,2016,83879.00,67310.00,80.25
AU,2016,7741220.00,4775397.00,61.69
BE,2016,30528.00,23010.88,75.38
BG,2016,111000.00,90335.00,81.38
BR,2016,8515770.00,7401708.00,86.92
CA,2016,15640500.00,4060230.00,25.96
CH,2016,41290.70,29053.06,70.36
CN,2016,9600010.50,7455831.00,77.66
CY,2016,9251.00,3088.21,33.38
CZ,2016,78870.00,64195.80,81.39
DE,2016,357580.00,299039.63,83.63
DK,2016,42920.00,33773.04,78.69
EE,2016,45340.00,34464.80,76.01
ES,2016,505935.00,453571.11,89.65
FI,2016,338450.00,247257.70,73.06
FR,2016,549087.00,469692.82,85.54
GB,2016,243610.00,215005.82,88.26
GR,2016,131960.00,101824.80,77.16
HR,2016,88073.00,35406.70,40.20
HU,2016,93030.00,76231.50,81.94
ID,2016,1913580.00,1489695.00,77.85
IE,2016,70280.00,52877.40,75.24
IN,2016,3287260.00,2527023.00,76.87
IT,2016,302069.00,231450.70,76.62
JP,2016,377970.00,315463.20,83.46
KR,2016,100339.00,82675.30,82.40
LT,2016,65286.00,52021.10,79.68
LU,2016,2590.00,2306.20,89.04
LV,2016,64594.00,53526.70,82.87
MT,2016,320.00,164.40,51.38
MX,2016,1964375.00,1657052.00,84.36
NL,2016,41540.00,24749.80,59.58
NO,2016,625194.00,133816.51,21.40
PL,2016,312680.00,243806.30,77.97
PT,2016,92225.60,71816.84,77.87
RO,2016,238400.00,211046.60,88.53
RU,2016,17098250.00,10331410.00,60.42
SE,2016,528449.29,311424.56,58.93
SI,2016,20675.00,18941.37,91.61
SK,2016,49030.00,39580.90,80.73
TR,2016,785350.00,605378.31,77.08
TW,2016,35960.00,9377.10,26.08
US,2016,9831510.00,7382259.00,75.09
WA,2016,11133710.50,8227722.00,73.90
WE,2016,1158581.36,914145.37,78.90
WF,2016,26275147.94,15610390.00,59.41
WL,2016,10459875.00,7119255.00,68.06
WM,2016,6610588.90,2904255.00,43.93
ZA,2016,1219090.00,1141054.00,93.60
AT,2017,83879.00,67193.00,80.11
AU,2017,7741220.00,5067645.00,65.46
BE,2017,30528.00,22786.28,74.64
BG,2017,111000.00,90556.00,81.58
BR,2017,8515770.00,7389457.00,86.77
CA,2017,15640500.00,4058179.00,25.95
CH,2017,41290.70,29057.52,70.37
CN,2017,9600010.80,7475893.00,77.87
CY,2017,9251.00,3225.33,34.86
CZ,2017,78870.00,64545.30,81.84
DE,2017,357580.00,299358.52,83.72
DK,2017,42920.00,33844.30,78.85
EE,2017,45340.00,34428.10,75.93
ES,2017,505935.23,454314.20,89.80
FI,2017,338450.00,247223.20,73.05
FR,2017,549087.00,470382.90,85.67
GB,2017,243610.00,216227.42,88.76
GR,2017,131960.00,101053.61,76.58
HR,2017,88073.00,34995.88,39.74
HU,2017,93030.00,76430.20,82.16
ID,2017,1916820.00,1501528.00,78.33
IE,2017,70280.00,53234.40,75.75
IN,2017,3287260.00,2526917.00,76.87
IT,2017,302069.00,232209.20,76.87
JP,2017,377970.00,315125.60,83.37
KR,2017,100360.00,82415.90,82.12
LT,2017,65286.00,51894.20,79.49
LU,2017,2590.00,2311.65,89.25
LV,2017,64594.00,53586.90,82.96
MT,2017,320.00,167.10,52.22
MX,2017,1964375.00,1642146.00,83.60
NL,2017,41540.00,24812.50,59.73
NO,2017,625217.00,133916.61,21.42
PL,2017,312680.00,244821.50,78.30
PT,2017,92225.60,72406.37,78.51
RO,2017,238400.00,209632.00,87.93
RU,2017,17098250.00,10333600.00,60.44
SE,2017,528449.29,311357.70,58.92
SI,2017,20480.00,18895.60,92.26
SK,2017,49030.00,39538.00,80.64
TR,2017,785350.00,603365.59,76.83
TW,2017,35960.00,9405.60,26.16
US,2017,9831510.00,7386339.00,75.13
WA,2017,11133964.80,8229456.00,73.91
WE,2017,1158581.36,913659.81,78.86
WF,2017,26275142.22,15603950.00,59.39
WL,2017,10459875.00,7080883.00,67.70
WM,2017,6610589.90,2912070.00,44.05
ZA,2017,1219090.00,1141046.00,93.60
AT,2018,83879.00,67213.90,80.13
AU,2018,7741220.00,4938169.00,63.79
BE,2018,30688.00,23061.40,75.15
BG,2018,111000.00,86502.13,77.93
BR,2018,8515770.00,7351233.00,86.32
CA,2018,15640500.00,4058106.00,25.95
CH,2018,41290.70,29061.62,70.38
CN,2018,9600012.90,7489760.00,78.02
CY,2018,9250.00,3338.25,36.09
CZ,2018,78870.00,64584.30,81.89
DE,2018,357580.00,298938.45,83.60
DK,2018,42920.00,33866.41,78.91
EE,2018,45340.00,34458.90,76.00
ES,2018,505957.29,453447.16,89.62
FI,2018,338450.00,247252.90,73.05
FR,2018,549087.00,470880.80,85.76
GB,2018,243610.00,215175.32,88.33
GR,2018,131960.00,100005.21,75.78
HR,2018,88073.00,34892.80,39.62
HU,2018,93030.00,76349.80,82.07
ID,2018,1916862.20,1502088.00,78.36
IE,2018,70280.00,53545.00,76.19
IN,2018,3287260.00,2528746.00,76.93
IT,2018,302069.00,228576.70,75.67
JP,2018,377974.00,314832.70,83.29
KR,2018,100380.00,82161.10,81.85
LT,2018,65290.00,52032.00,79.69
LU,2018,2590.00,2315.71,89.41
LV,2018,64594.00,53676.10,83.10
MT,2018,320.00,167.70,52.41
MX,2018,1964375.00,1636751.00,83.32
NL,2018,41540.00,24866.80,59.86
NO,2018,625222.00,134006.42,21.43
PL,2018,312690.00,245452.70,78.50
PT,2018,92225.60,73057.40,79.22
RO,2018,238400.00,210007.50,88.09
RU,2018,17098250.00,10333780.00,60.44
SE,2018,528449.29,311253.20,58.90
SI,2018,20480.00,18844.95,92.02
SK,2018,49030.00,39639.40,80.85
TR,2018,785350.00,603716.79,76.87
TW,2018,35960.00,9426.10,26.21
US,2018,9831510.00,7375848.00,75.02
WA,2018,11133470.90,8219561.00,73.83
WE,2018,1158581.36,911558.61,78.68
WF,2018,26275148.39,15606140.00,59.40
WL,2018,10459876.00,7053968.00,67.44
WM,2018,6610589.90,2917822.00,44.14
ZA,2018,1219090.00,1140853.00,93.58
AT,2019,83879.00,67224.88,80.15
AU,2019,7741220.00,4974132.00,64.26
BE,2019,30689.00,23089.94,75.24
BG,2019,111000.00,90902.90,81.89
BR,2019,8515770.00,7311196.00,85.85
CA,2019,15640500.00,4055916.00,25.93
CH,2019,41290.70,29066.15,70.39
CN,2019,9600012.90,7505153.00,78.18
CY,2019,9250.00,3268.00,35.33
CZ,2019,78870.04,64612.58,81.92
DE,2019,357580.00,299167.98,83.66
DK,2019,42920.00,33812.15,78.78
EE,2019,45340.00,34500.86,76.09
ES,2019,505952.80,453757.51,89.68
FI,2019,338460.00,247283.30,73.06
FR,2019,549087.00,470335.58,85.66
GB,2019,243610.00,216991.47,89.07
GR,2019,131960.00,99205.36,75.18
HR,2019,88073.00,35119.20,39.88
HU,2019,93030.00,76159.00,81.86
ID,2019,1916906.77,1497280.00,78.11
IE,2019,70280.00,53656.10,76.35
IN,2019,3287260.00,2531403.00,77.01
IT,2019,302068.00,236276.52,78.22
JP,2019,377974.00,314588.30,83.23
KR,2019,100400.00,82072.50,81.75
LT,2019,65290.00,52335.10,80.16
LU,2019,2590.00,2316.39,89.44
LV,2019,64594.00,53935.40,83.50
MT,2019,320.00,167.70,52.41
MX,2019,1964375.00,1631901.00,83.07
NL,2019,41540.00,24820.00,59.75
NO,2019,625218.00,134070.23,21.44
PL,2019,312690.00,245699.40,78.58
PT,2019,92230.00,75192.15,81.53
RO,2019,238400.00,214140.40,89.82
RU,2019,17098250.00,10334619.97,60.44
SE,2019,528860.00,311442.80,58.89
SI,2019,20480.00,18826.81,91.93
SK,2019,49030.00,39601.30,80.77
TR,2019,785350.00,604515.51,76.97
TW,2019,35960.00,9461.70,26.31
US,2019,9831510.00,7365389.00,74.92
WA,2019,11136367.90,8255166.00,74.13
WE,2019,1158581.36,911077.64,78.64
WF,2019,26275125.21,15579430.00,59.29
WL,2019,10558045.46,7038243.00,66.66
WM,2019,6610590.90,2921403.00,44.19
ZA,2019,1219090.00,1140888.00,93.59
AT,2020,83879.00,66774.93,79.61
AU,2020,7741220.00,4907111.00,63.39
BE,2020,30689.00,23171.90,75.51
BG,2020,111000.00,91141.40,82.11
BR,2020,8515770.00,7271447.00,85.39
CA,2020,15640500.00,4049839.00,25.89
CH,2020,41290.70,29069.77,70.40
CN,2020,9600012.90,7525626.00,78.39
CY,2020,9250.00,3287.95,35.55
CZ,2020,78871.01,64631.82,81.95
DE,2020,357590.00,298449.90,83.46
DK,2020,42920.00,33762.47,78.66
EE,2020,45340.00,34459.90,76.00
ES,2020,505969.89,453156.61,89.56
FI,2020,338460.00,247243.20,73.05
FR,2020,549086.87,471223.03,85.82
GB,2020,243610.00,214449.49,88.03
GR,2020,131960.00,96816.01,73.37
HR,2020,88070.00,35153.60,39.92
HU,2020,93030.00,72531.13,77.97
ID,2020,1916906.77,1493462.00,77.91
IE,2020,70280.00,53576.80,76.23
IN,2020,3287260.00,2529289.00,76.94
IT,2020,302068.00,230785.00,76.40
JP,2020,377974.00,314254.80,83.14
KR,2020,100410.00,81812.60,81.48
LT,2020,65290.00,52022.20,79.68
LU,2020,2590.00,2321.75,89.64
LV,2020,64590.00,54064.80,83.70
MT,2020,320.00,155.10,48.47
MX,2020,1964375.00,1640938.00,83.53
NL,2020,41540.00,24806.10,59.72
NO,2020,624499.00,134164.22,21.48
PL,2020,312710.00,247915.90,79.28
PT,2020,92230.00,75227.18,81.56
RO,2020,238400.00,206372.10,86.57
RU,2020,17098250.00,10334620.00,60.44
SE,2020,528860.00,311553.80,58.91
SI,2020,20480.00,18787.60,91.74
SK,2020,49030.00,39580.00,80.73
TR,2020,785350.00,606529.82,77.23
TW,2020,35960.00,9521.70,26.48
US,2020,9831510.00,7353996.00,74.80
WA,2020,11136398.65,8255168.00,74.13
WE,2020,1166785.03,910625.18,78.05
WF,2020,26275076.29,15574820.00,59.28
WL,2020,10556871.94,7040302.00,66.69
WM,2020,6610592.90,2923155.00,44.22
ZA,2020,1219090.00,1141418.00,93.63
AT,2021,83879.00,66815.63,79.66
AU,2021,7741220.00,4984668.00,64.39
BE,2021,30689.00,23225.30,75.68
BG,2021,111000.00,91276.11,82.23
BR,2021,8515770.00,7231939.00,84.92
CA,2021,15634410.00,4048395.00,25.89
CH,2021,41290.70,29093.18,70.46
CN,2021,9600013.00,7547902.00,78.62
CY,2021,9250.00,3235.53,34.98
CZ,2021,78871.04,64737.77,82.08
DE,2021,357590.00,298655.50,83.52
DK,2021,42920.00,33770.65,78.68
EE,2021,45340.00,34484.70,76.06
ES,2021,505964.59,454143.35,89.76
FI,2021,338470.00,247276.60,73.06
FR,2021,549087.37,472292.54,86.01
GB,2021,243610.00,214237.39,87.94
GR,2021,131960.00,97709.08,74.04
HR,2021,88070.00,34896.50,39.62
HU,2021,93030.00,73823.24,79.35
ID,2021,1916906.77,1488308.00,77.64
IE,2021,70280.00,51888.70,73.83
IN,2021,3287260.00,2533096.00,77.06
IT,2021,302068.00,230337.80,76.25
JP,2021,377974.00,314185.80,83.12
KR,2021,100430.00,81663.80,81.31
LT,2021,65290.00,52007.97,79.66
LU,2021,2590.00,2328.68,89.91
LV,2021,64590.00,54120.30,83.79
MT,2021,320.00,152.00,47.50
MX,2021,1964375.00,1639801.00,83.48
NL,2021,41540.00,24856.67,59.84
NO,2021,624500.00,134237.20,21.50
PL,2021,312710.00,245852.10,78.62
PT,2021,92230.00,75371.58,81.72
RO,2021,238400.00,206734.80,86.72
RU,2021,17098250.00,10335420.00,60.45
SE,2021,528860.00,311449.80,58.89
SI,2021,20480.00,18775.07,91.68
SK,2021,49030.00,39326.10,80.21
TR,2021,785350.00,611496.80,77.86
TW,2021,35960.00,9502.20,26.42
US,2021,9831510.00,7343945.00,74.70
WA,2021,11136572.80,8248785.00,74.07
WE,2021,1166805.34,909992.82,77.99
WF,2021,26275076.29,15567720.00,59.25
WL,2021,10556871.94,7025588.00,66.55
WM,2021,6610600.90,2923560.00,44.23
ZA,2021,1219090.00,1141280.00,93.62
